age_group_id,province_code,year,month,total_approval
1,NL,2015,1,10
1,NL,2016,1,45
1,NL,2017,1,10
1,NL,2018,1,15
1,NL,2019,1,10
1,NL,2020,1,20
1,NL,2021,1,5
1,NL,2022,1,30
1,PE,2015,1,15
1,NS,2015,1,30
1,NB,2015,1,25
1,QC,2015,1,370
1,ON,2015,1,740
1,MB,2015,1,170
1,SK,2015,1,145
1,AB,2015,1,350
1,BC,2015,1,230
1,PE,2016,1,45
1,NS,2016,1,305
1,NB,2016,1,330
1,QC,2016,1,1045
1,ON,2016,1,3040
1,MB,2016,1,350
1,SK,2016,1,435
1,AB,2016,1,1305
1,BC,2016,1,895
1,YT,2016,1,10
1,PE,2017,1,30
1,NS,2017,1,80
1,NB,2017,1,50
1,QC,2017,1,660
1,ON,2017,1,965
1,MB,2017,1,205
1,SK,2017,1,250
1,AB,2017,1,630
1,BC,2017,1,360
1,PE,2018,1,20
1,NS,2018,1,60
1,NB,2018,1,70
1,QC,2018,1,555
1,ON,2018,1,1490
1,MB,2018,1,210
1,SK,2018,1,175
1,AB,2018,1,425
1,BC,2018,1,385
1,NT,2018,1,5
1,PE,2019,1,35
1,NS,2019,1,95
1,NB,2019,1,60
1,QC,2019,1,520
1,ON,2019,1,1195
1,MB,2019,1,200
1,SK,2019,1,180
1,AB,2019,1,425
1,BC,2019,1,325
1,PE,2020,1,45
1,NS,2020,1,90
1,NB,2020,1,110
1,QC,2020,1,625
1,ON,2020,1,1570
1,MB,2020,1,190
1,SK,2020,1,255
1,AB,2020,1,525
1,BC,2020,1,530
1,PE,2021,1,10
1,NS,2021,1,75
1,NB,2021,1,75
1,QC,2021,1,475
1,ON,2021,1,1585
1,MB,2021,1,220
1,SK,2021,1,225
1,AB,2021,1,420
1,BC,2021,1,360
1,PE,2022,1,25
1,NS,2022,1,150
1,NB,2022,1,110
1,QC,2022,1,560
1,ON,2022,1,2145
1,MB,2022,1,260
1,SK,2022,1,235
1,AB,2022,1,550
1,BC,2022,1,825
1,NL,2015,2,10
1,NL,2016,2,60
1,NL,2017,2,10
1,NL,2018,2,20
1,NL,2019,2,20
1,NL,2020,2,35
1,NL,2021,2,35
1,NL,2022,2,35
1,PE,2015,2,20
1,NS,2015,2,40
1,NB,2015,2,60
1,QC,2015,2,515
1,ON,2015,2,930
1,MB,2015,2,230
1,SK,2015,2,145
1,AB,2015,2,490
1,BC,2015,2,285
1,PE,2016,2,85
1,NS,2016,2,260
1,NB,2016,2,485
1,QC,2016,2,1295
1,ON,2016,2,3190
1,MB,2016,2,460
1,SK,2016,2,450
1,AB,2016,2,1515
1,BC,2016,2,930
1,PE,2017,2,35
1,NS,2017,2,75
1,NB,2017,2,65
1,QC,2017,2,725
1,ON,2017,2,1210
1,MB,2017,2,290
1,SK,2017,2,220
1,AB,2017,2,665
1,BC,2017,2,410
1,PE,2018,2,35
1,NS,2018,2,85
1,NB,2018,2,105
1,QC,2018,2,700
1,ON,2018,2,1575
1,MB,2018,2,215
1,SK,2018,2,335
1,AB,2018,2,480
1,BC,2018,2,445
1,PE,2019,2,45
1,NS,2019,2,95
1,NB,2019,2,85
1,QC,2019,2,500
1,ON,2019,2,1470
1,MB,2019,2,210
1,SK,2019,2,190
1,AB,2019,2,410
1,BC,2019,2,335
1,NT,2019,2,5
1,PE,2020,2,40
1,NS,2020,2,100
1,NB,2020,2,105
1,QC,2020,2,675
1,ON,2020,2,1785
1,MB,2020,2,230
1,SK,2020,2,305
1,AB,2020,2,505
1,BC,2020,2,550
1,YT,2020,2,5
1,PE,2021,2,20
1,NS,2021,2,65
1,NB,2021,2,55
1,QC,2021,2,445
1,ON,2021,2,1595
1,MB,2021,2,220
1,SK,2021,2,170
1,AB,2021,2,390
1,BC,2021,2,365
1,PE,2022,2,35
1,NS,2022,2,180
1,NB,2022,2,120
1,QC,2022,2,875
1,ON,2022,2,2245
1,MB,2022,2,365
1,SK,2022,2,320
1,AB,2022,2,780
1,BC,2022,2,980
1,YT,2022,2,5
1,NL,2015,3,20
1,NL,2016,3,30
1,NL,2017,3,25
1,NL,2018,3,10
1,NL,2019,3,20
1,NL,2020,3,20
1,NL,2021,3,10
1,NL,2022,3,40
1,PE,2015,3,25
1,NS,2015,3,70
1,NB,2015,3,70
1,QC,2015,3,860
1,ON,2015,3,1395
1,MB,2015,3,335
1,SK,2015,3,205
1,AB,2015,3,665
1,BC,2015,3,345
1,PE,2016,3,35
1,NS,2016,3,110
1,NB,2016,3,65
1,QC,2016,3,850
1,ON,2016,3,1735
1,MB,2016,3,380
1,SK,2016,3,300
1,AB,2016,3,1135
1,BC,2016,3,560
1,YT,2016,3,5
1,PE,2017,3,80
1,NS,2017,3,95
1,NB,2017,3,85
1,QC,2017,3,1220
1,ON,2017,3,1560
1,MB,2017,3,410
1,SK,2017,3,325
1,AB,2017,3,810
1,BC,2017,3,425
1,PE,2018,3,55
1,NS,2018,3,90
1,NB,2018,3,135
1,QC,2018,3,1000
1,ON,2018,3,2205
1,MB,2018,3,300
1,SK,2018,3,345
1,AB,2018,3,630
1,BC,2018,3,510
1,NT,2018,3,10
1,PE,2019,3,45
1,NS,2019,3,95
1,NB,2019,3,150
1,QC,2019,3,700
1,ON,2019,3,1880
1,MB,2019,3,270
1,SK,2019,3,275
1,AB,2019,3,570
1,BC,2019,3,450
1,PE,2020,3,25
1,NS,2020,3,70
1,NB,2020,3,95
1,QC,2020,3,500
1,ON,2020,3,1285
1,MB,2020,3,190
1,SK,2020,3,240
1,AB,2020,3,475
1,BC,2020,3,295
1,YT,2020,3,10
1,NT,2020,3,5
1,PE,2021,3,10
1,NS,2021,3,55
1,NB,2021,3,40
1,QC,2021,3,385
1,ON,2021,3,1585
1,MB,2021,3,150
1,SK,2021,3,155
1,AB,2021,3,305
1,BC,2021,3,335
1,YT,2021,3,5
1,PE,2022,3,35
1,NS,2022,3,235
1,NB,2022,3,190
1,QC,2022,3,1135
1,ON,2022,3,2585
1,MB,2022,3,405
1,SK,2022,3,425
1,AB,2022,3,980
1,BC,2022,3,1000
1,YT,2022,3,5
1,NT,2022,3,5
1,NL,2015,4,20
1,NL,2016,4,25
1,NL,2017,4,25
1,NL,2018,4,25
1,NL,2019,4,35
1,NL,2021,4,15
1,NL,2022,4,30
1,PE,2015,4,15
1,NS,2015,4,50
1,NB,2015,4,30
1,QC,2015,4,830
1,ON,2015,4,1435
1,MB,2015,4,300
1,SK,2015,4,220
1,AB,2015,4,750
1,BC,2015,4,455
1,PE,2016,4,70
1,NS,2016,4,120
1,NB,2016,4,80
1,QC,2016,4,965
1,ON,2016,4,1955
1,MB,2016,4,420
1,SK,2016,4,360
1,AB,2016,4,1245
1,BC,2016,4,610
1,YT,2016,4,5
1,PE,2017,4,90
1,NS,2017,4,70
1,NB,2017,4,95
1,QC,2017,4,1065
1,ON,2017,4,1315
1,MB,2017,4,400
1,SK,2017,4,395
1,AB,2017,4,805
1,BC,2017,4,485
1,YT,2017,4,5
1,PE,2018,4,40
1,NS,2018,4,120
1,NB,2018,4,105
1,QC,2018,4,1005
1,ON,2018,4,2080
1,MB,2018,4,365
1,SK,2018,4,360
1,AB,2018,4,655
1,BC,2018,4,530
1,YT,2018,4,10
1,PE,2019,4,55
1,NS,2019,4,120
1,NB,2019,4,135
1,QC,2019,4,705
1,ON,2019,4,2050
1,MB,2019,4,320
1,SK,2019,4,270
1,AB,2019,4,620
1,BC,2019,4,460
1,YT,2019,4,5
1,NS,2020,4,15
1,NB,2020,4,20
1,QC,2020,4,40
1,ON,2020,4,285
1,MB,2020,4,55
1,SK,2020,4,60
1,AB,2020,4,100
1,BC,2020,4,55
1,PE,2021,4,10
1,NS,2021,4,40
1,NB,2021,4,40
1,QC,2021,4,390
1,ON,2021,4,1470
1,MB,2021,4,165
1,SK,2021,4,125
1,AB,2021,4,310
1,BC,2021,4,325
1,PE,2022,4,40
1,NS,2022,4,200
1,NB,2022,4,200
1,QC,2022,4,995
1,ON,2022,4,2430
1,MB,2022,4,340
1,SK,2022,4,410
1,AB,2022,4,965
1,BC,2022,4,740
1,NL,2015,5,25
1,NL,2016,5,45
1,NL,2017,5,30
1,NL,2018,5,25
1,NL,2019,5,55
1,NL,2020,5,5
1,NL,2021,5,15
1,NL,2022,5,60
1,PE,2015,5,35
1,NS,2015,5,70
1,NB,2015,5,35
1,QC,2015,5,975
1,ON,2015,5,1790
1,MB,2015,5,330
1,SK,2015,5,310
1,AB,2015,5,805
1,BC,2015,5,530
1,NT,2015,5,10
1,PE,2016,5,40
1,NS,2016,5,135
1,NB,2016,5,90
1,QC,2016,5,1130
1,ON,2016,5,2070
1,MB,2016,5,430
1,SK,2016,5,390
1,AB,2016,5,1130
1,BC,2016,5,515
1,PE,2017,5,35
1,NS,2017,5,110
1,NB,2017,5,105
1,QC,2017,5,1055
1,ON,2017,5,1320
1,MB,2017,5,355
1,SK,2017,5,355
1,AB,2017,5,815
1,BC,2017,5,475
1,NT,2017,5,5
1,PE,2018,5,40
1,NS,2018,5,110
1,NB,2018,5,125
1,QC,2018,5,860
1,ON,2018,5,2065
1,MB,2018,5,410
1,SK,2018,5,395
1,AB,2018,5,730
1,BC,2018,5,550
1,YT,2018,5,5
1,PE,2019,5,35
1,NS,2019,5,195
1,NB,2019,5,145
1,QC,2019,5,735
1,ON,2019,5,2385
1,MB,2019,5,370
1,SK,2019,5,320
1,AB,2019,5,715
1,BC,2019,5,600
1,PE,2020,5,5
1,NS,2020,5,45
1,NB,2020,5,30
1,QC,2020,5,185
1,ON,2020,5,575
1,MB,2020,5,110
1,SK,2020,5,100
1,AB,2020,5,190
1,BC,2020,5,220
1,PE,2021,5,10
1,NS,2021,5,55
1,NB,2021,5,35
1,QC,2021,5,365
1,ON,2021,5,1285
1,MB,2021,5,75
1,SK,2021,5,85
1,AB,2021,5,295
1,BC,2021,5,265
1,YT,2021,5,10
1,PE,2022,5,40
1,NS,2022,5,240
1,NB,2022,5,205
1,QC,2022,5,1250
1,ON,2022,5,2535
1,MB,2022,5,430
1,SK,2022,5,460
1,AB,2022,5,1055
1,BC,2022,5,780
1,YT,2022,5,10
1,NL,2015,6,15
1,NL,2016,6,30
1,NL,2017,6,30
1,NL,2018,6,40
1,NL,2019,6,25
1,NL,2020,6,10
1,NL,2021,6,15
1,NL,2022,6,80
1,PE,2015,6,20
1,NS,2015,6,80
1,NB,2015,6,50
1,QC,2015,6,1185
1,ON,2015,6,2100
1,MB,2015,6,395
1,SK,2015,6,305
1,AB,2015,6,895
1,BC,2015,6,560
1,YT,2015,6,10
1,NT,2015,6,10
1,PE,2016,6,100
1,NS,2016,6,160
1,NB,2016,6,150
1,QC,2016,6,1330
1,ON,2016,6,2025
1,MB,2016,6,515
1,SK,2016,6,440
1,AB,2016,6,905
1,BC,2016,6,535
1,PE,2017,6,65
1,NS,2017,6,85
1,NB,2017,6,120
1,QC,2017,6,1470
1,ON,2017,6,1505
1,MB,2017,6,385
1,SK,2017,6,395
1,AB,2017,6,750
1,BC,2017,6,435
1,NT,2017,6,5
1,PE,2018,6,45
1,NS,2018,6,155
1,NB,2018,6,100
1,QC,2018,6,1215
1,ON,2018,6,2450
1,MB,2018,6,410
1,SK,2018,6,370
1,AB,2018,6,655
1,BC,2018,6,540
1,NT,2018,6,10
1,PE,2019,6,45
1,NS,2019,6,185
1,NB,2019,6,220
1,QC,2019,6,1010
1,ON,2019,6,2730
1,MB,2019,6,535
1,SK,2019,6,380
1,AB,2019,6,710
1,BC,2019,6,575
1,YT,2019,6,5
1,PE,2020,6,10
1,NS,2020,6,80
1,NB,2020,6,75
1,QC,2020,6,255
1,ON,2020,6,1050
1,MB,2020,6,130
1,SK,2020,6,180
1,AB,2020,6,300
1,BC,2020,6,390
1,PE,2021,6,10
1,NS,2021,6,60
1,NB,2021,6,65
1,QC,2021,6,570
1,ON,2021,6,2180
1,MB,2021,6,190
1,SK,2021,6,140
1,AB,2021,6,470
1,BC,2021,6,490
1,PE,2022,6,35
1,NS,2022,6,265
1,NB,2022,6,310
1,QC,2022,6,1370
1,ON,2022,6,3035
1,MB,2022,6,550
1,SK,2022,6,650
1,AB,2022,6,980
1,BC,2022,6,825
1,YT,2022,6,5
1,NL,2015,7,20
1,NL,2016,7,15
1,NL,2017,7,30
1,NL,2018,7,70
1,NL,2019,7,45
1,NL,2020,7,10
1,NL,2021,7,40
1,NL,2022,7,85
1,PE,2015,7,40
1,NS,2015,7,85
1,NB,2015,7,75
1,QC,2015,7,1345
1,ON,2015,7,2330
1,MB,2015,7,365
1,SK,2015,7,275
1,AB,2015,7,1045
1,BC,2015,7,640
1,PE,2016,7,95
1,NS,2016,7,95
1,NB,2016,7,135
1,QC,2016,7,1490
1,ON,2016,7,1780
1,MB,2016,7,445
1,SK,2016,7,420
1,AB,2016,7,830
1,BC,2016,7,530
1,PE,2017,7,60
1,NS,2017,7,80
1,NB,2017,7,110
1,QC,2017,7,1425
1,ON,2017,7,1665
1,MB,2017,7,355
1,SK,2017,7,365
1,AB,2017,7,615
1,BC,2017,7,355
1,PE,2018,7,40
1,NS,2018,7,150
1,NB,2018,7,145
1,QC,2018,7,1315
1,ON,2018,7,2340
1,MB,2018,7,335
1,SK,2018,7,365
1,AB,2018,7,625
1,BC,2018,7,565
1,PE,2019,7,60
1,NS,2019,7,285
1,NB,2019,7,235
1,QC,2019,7,1305
1,ON,2019,7,2935
1,MB,2019,7,460
1,SK,2019,7,480
1,AB,2019,7,715
1,BC,2019,7,720
1,YT,2019,7,5
1,PE,2020,7,15
1,NS,2020,7,65
1,NB,2020,7,95
1,QC,2020,7,710
1,ON,2020,7,980
1,MB,2020,7,210
1,SK,2020,7,225
1,AB,2020,7,320
1,BC,2020,7,215
1,PE,2021,7,45
1,NS,2021,7,125
1,NB,2021,7,160
1,QC,2021,7,985
1,ON,2021,7,2380
1,MB,2021,7,345
1,SK,2021,7,240
1,AB,2021,7,590
1,BC,2021,7,665
1,YT,2021,7,10
1,PE,2022,7,40
1,NS,2022,7,310
1,NB,2022,7,355
1,QC,2022,7,1590
1,ON,2022,7,2790
1,MB,2022,7,480
1,SK,2022,7,790
1,AB,2022,7,845
1,BC,2022,7,825
1,NL,2015,8,20
1,NL,2016,8,15
1,NL,2017,8,25
1,NL,2018,8,35
1,NL,2019,8,35
1,NL,2020,8,5
1,NL,2021,8,35
1,PE,2015,8,35
1,NS,2015,8,100
1,NB,2015,8,65
1,QC,2015,8,860
1,ON,2015,8,1835
1,MB,2015,8,300
1,SK,2015,8,280
1,AB,2015,8,965
1,BC,2015,8,575
1,YT,2015,8,5
1,NT,2015,8,10
1,PE,2016,8,55
1,NS,2016,8,135
1,NB,2016,8,80
1,QC,2016,8,1130
1,ON,2016,8,1495
1,MB,2016,8,405
1,SK,2016,8,280
1,AB,2016,8,700
1,BC,2016,8,395
1,PE,2017,8,70
1,NS,2017,8,95
1,NB,2017,8,130
1,QC,2017,8,925
1,ON,2017,8,1325
1,MB,2017,8,315
1,SK,2017,8,355
1,AB,2017,8,500
1,BC,2017,8,410
1,PE,2018,8,60
1,NS,2018,8,120
1,NB,2018,8,110
1,QC,2018,8,1075
1,ON,2018,8,1745
1,MB,2018,8,305
1,SK,2018,8,355
1,AB,2018,8,530
1,BC,2018,8,445
1,PE,2019,8,55
1,NS,2019,8,170
1,NB,2019,8,155
1,QC,2019,8,635
1,ON,2019,8,2270
1,MB,2019,8,410
1,SK,2019,8,400
1,AB,2019,8,680
1,BC,2019,8,645
1,YT,2019,8,5
1,PE,2020,8,25
1,NS,2020,8,70
1,NB,2020,8,65
1,QC,2020,8,615
1,ON,2020,8,895
1,MB,2020,8,145
1,SK,2020,8,140
1,AB,2020,8,200
1,BC,2020,8,155
1,PE,2021,8,30
1,NS,2021,8,165
1,NB,2021,8,105
1,QC,2021,8,625
1,ON,2021,8,2295
1,MB,2021,8,175
1,SK,2021,8,160
1,AB,2021,8,510
1,BC,2021,8,715
1,YT,2021,8,10
1,PE,2015,9,30
1,NS,2015,9,15
1,QC,2015,9,25
1,ON,2015,9,20
1,MB,2015,9,160
1,SK,2015,9,105
1,AB,2015,9,1615
1,BC,2015,9,3785
1,YT,2015,9,425
1,NT,2015,9,315
1,NU,2015,9,1390
1,PE,2016,9,400
1,ON,2016,9,15
1,MB,2016,9,130
1,SK,2016,9,90
1,AB,2016,9,1715
1,BC,2016,9,2390
1,YT,2016,9,300
1,NT,2016,9,205
1,NU,2016,9,960
1,PE,2017,9,235
1,ON,2017,9,60
1,MB,2017,9,160
1,SK,2017,9,135
1,AB,2017,9,1470
1,BC,2017,9,3100
1,YT,2017,9,295
1,NT,2017,9,250
1,NU,2017,9,770
1,PE,2018,9,265
1,ON,2018,9,60
1,MB,2018,9,280
1,SK,2018,9,175
1,AB,2018,9,1950
1,BC,2018,9,3965
1,YT,2018,9,360
1,NT,2018,9,280
1,NU,2018,9,1120
1,PE,2019,9,280
1,ON,2019,9,80
1,MB,2019,9,330
1,SK,2019,9,245
1,AB,2019,9,1605
1,BC,2019,9,5860
1,YT,2019,9,665
1,NT,2019,9,475
1,NU,2019,9,1670
1,PE,2020,9,365
1,ON,2020,9,55
1,MB,2020,9,100
1,SK,2020,9,70
1,AB,2020,9,1110
1,BC,2020,9,2260
1,YT,2020,9,420
1,NT,2020,9,175
1,NU,2020,9,720
1,PE,2021,9,200
1,ON,2021,9,195
1,MB,2021,9,345
1,SK,2021,9,185
1,AB,2021,9,2160
1,BC,2021,9,6835
1,YT,2021,9,750
1,NT,2021,9,380
1,NU,2021,9,1625
1,PE,2022,9,515
1,PE,2015,10,25
1,NS,2015,10,5
1,QC,2015,10,40
1,ON,2015,10,20
1,MB,2015,10,135
1,SK,2015,10,80
1,AB,2015,10,1610
1,BC,2015,10,3310
1,YT,2015,10,460
1,NT,2015,10,310
1,NU,2015,10,1180
1,PE,2016,10,330
1,ON,2016,10,10
1,MB,2016,10,105
1,SK,2016,10,85
1,AB,2016,10,1335
1,BC,2016,10,2400
1,YT,2016,10,300
1,NT,2016,10,230
1,NU,2016,10,875
1,PE,2017,10,210
1,ON,2017,10,70
1,MB,2017,10,145
1,SK,2017,10,115
1,AB,2017,10,1185
1,BC,2017,10,3460
1,YT,2017,10,265
1,NT,2017,10,230
1,NU,2017,10,775
1,PE,2018,10,210
1,ON,2018,10,45
1,MB,2018,10,210
1,SK,2018,10,155
1,AB,2018,10,1720
1,BC,2018,10,3980
1,YT,2018,10,395
1,NT,2018,10,280
1,NU,2018,10,1135
1,PE,2019,10,290
1,ON,2019,10,45
1,MB,2019,10,305
1,SK,2019,10,190
1,AB,2019,10,1625
1,BC,2019,10,5150
1,YT,2019,10,570
1,NT,2019,10,385
1,NU,2019,10,1485
1,PE,2020,10,375
1,ON,2020,10,55
1,MB,2020,10,90
1,SK,2020,10,65
1,AB,2020,10,1070
1,BC,2020,10,2310
1,YT,2020,10,250
1,NT,2020,10,125
1,NU,2020,10,620
1,PE,2021,10,140
1,ON,2021,10,150
1,MB,2021,10,295
1,SK,2021,10,185
1,AB,2021,10,2065
1,BC,2021,10,6675
1,YT,2021,10,820
1,NT,2021,10,390
1,NU,2021,10,1830
1,PE,2022,10,510
1,PE,2015,11,35
1,NS,2015,11,25
1,QC,2015,11,35
1,ON,2015,11,25
1,SK,2015,11,110
1,AB,2015,11,845
1,BC,2015,11,85
1,YT,2015,11,80
1,NT,2015,11,320
1,NU,2015,11,1010
1,QC,2016,11,45
1,ON,2016,11,15
1,SK,2016,11,110
1,AB,2016,11,525
1,BC,2016,11,65
1,YT,2016,11,70
1,NT,2016,11,190
1,NU,2016,11,720
1,QC,2017,11,40
1,ON,2017,11,15
1,SK,2017,11,130
1,AB,2017,11,650
1,BC,2017,11,55
1,YT,2017,11,70
1,NT,2017,11,250
1,NU,2017,11,1050
1,QC,2018,11,45
1,ON,2018,11,25
1,MB,2018,11,5
1,SK,2018,11,155
1,AB,2018,11,760
1,BC,2018,11,75
1,YT,2018,11,75
1,NT,2018,11,275
1,NU,2018,11,1105
1,QC,2019,11,50
1,ON,2019,11,40
1,MB,2019,11,10
1,SK,2019,11,100
1,AB,2019,11,675
1,BC,2019,11,90
1,YT,2019,11,65
1,NT,2019,11,260
1,NU,2019,11,1490
1,QC,2020,11,20
1,ON,2020,11,15
1,SK,2020,11,120
1,AB,2020,11,505
1,BC,2020,11,45
1,YT,2020,11,40
1,NT,2020,11,150
1,NU,2020,11,995
1,QC,2021,11,80
1,ON,2021,11,95
1,SK,2021,11,235
1,AB,2021,11,1440
1,BC,2021,11,95
1,YT,2021,11,95
1,NT,2021,11,370
1,NU,2021,11,2755
1,QC,2022,12,5
1,ON,2022,12,40
1,MB,2022,12,35
1,NT,2022,12,45
1,NU,2022,12,530
1,NL,2015,12,65
1,NL,2016,12,25
1,NL,2018,12,270
1,NL,2019,12,270
1,NL,2020,12,300
1,NL,2021,12,70
1,NL,2022,12,20
1,QC,2015,12,30
1,ON,2015,12,15
1,SK,2015,12,90
1,AB,2015,12,650
1,BC,2015,12,90
1,YT,2015,12,75
1,NT,2015,12,250
1,NU,2015,12,915
1,QC,2016,12,35
1,ON,2016,12,30
1,SK,2016,12,85
1,AB,2016,12,1020
1,BC,2016,12,60
1,YT,2016,12,60
1,NT,2016,12,230
1,NU,2016,12,1285
1,QC,2017,12,40
1,ON,2017,12,10
1,MB,2017,12,10
1,SK,2017,12,160
1,AB,2017,12,710
1,BC,2017,12,65
1,YT,2017,12,100
1,NT,2017,12,215
1,NU,2017,12,1215
1,QC,2018,12,35
1,ON,2018,12,35
1,MB,2018,12,5
1,SK,2018,12,90
1,AB,2018,12,525
1,BC,2018,12,65
1,YT,2018,12,65
1,NT,2018,12,195
1,NU,2018,12,1380
1,QC,2019,12,5
1,ON,2019,12,10
1,SK,2019,12,115
1,AB,2019,12,315
1,BC,2019,12,25
1,YT,2019,12,25
1,NT,2019,12,110
1,NU,2019,12,670
1,QC,2020,12,70
1,ON,2020,12,75
1,SK,2020,12,195
1,AB,2020,12,1500
1,BC,2020,12,135
1,YT,2020,12,95
1,NT,2020,12,375
1,NU,2020,12,2370
2,NL,2015,1,15
2,NL,2016,1,25
2,NL,2017,1,10
2,NL,2018,1,20
2,NL,2019,1,30
2,NL,2020,1,25
2,NL,2021,1,15
2,NL,2022,1,85
2,PE,2015,1,10
2,NS,2015,1,25
2,NB,2015,1,30
2,QC,2015,1,635
2,ON,2015,1,1640
2,MB,2015,1,230
2,SK,2015,1,180
2,AB,2015,1,590
2,BC,2015,1,600
2,YT,2015,1,5
2,PE,2016,1,25
2,NS,2016,1,135
2,NB,2016,1,135
2,QC,2016,1,1145
2,ON,2016,1,2710
2,MB,2016,1,345
2,SK,2016,1,290
2,AB,2016,1,1165
2,BC,2016,1,1045
2,YT,2016,1,5
2,PE,2017,1,45
2,NS,2017,1,100
2,NB,2017,1,45
2,QC,2017,1,985
2,ON,2017,1,2460
2,MB,2017,1,390
2,SK,2017,1,360
2,AB,2017,1,1330
2,BC,2017,1,1180
2,YT,2017,1,5
2,NT,2017,1,15
2,PE,2018,1,35
2,NS,2018,1,120
2,NB,2018,1,65
2,QC,2018,1,810
2,ON,2018,1,4250
2,MB,2018,1,340
2,SK,2018,1,320
2,AB,2018,1,1040
2,BC,2018,1,1630
2,YT,2018,1,15
2,NT,2018,1,10
2,PE,2019,1,35
2,NS,2019,1,100
2,NB,2019,1,50
2,QC,2019,1,605
2,ON,2019,1,3090
2,MB,2019,1,245
2,SK,2019,1,205
2,AB,2019,1,780
2,BC,2019,1,855
2,YT,2019,1,5
2,NT,2019,1,5
2,PE,2020,1,50
2,NS,2020,1,95
2,NB,2020,1,85
2,QC,2020,1,800
2,ON,2020,1,3925
2,MB,2020,1,390
2,SK,2020,1,190
2,AB,2020,1,900
2,BC,2020,1,1405
2,YT,2020,1,10
2,PE,2021,1,65
2,NS,2021,1,100
2,NB,2021,1,60
2,QC,2021,1,1270
2,ON,2021,1,4720
2,MB,2021,1,635
2,SK,2021,1,345
2,AB,2021,1,990
2,BC,2021,1,1315
2,YT,2021,1,5
2,NT,2021,1,10
2,PE,2022,1,105
2,NS,2022,1,480
2,NB,2022,1,230
2,QC,2022,1,970
2,ON,2022,1,7655
2,MB,2022,1,650
2,SK,2022,1,355
2,AB,2022,1,1210
2,BC,2022,1,2755
2,YT,2022,1,20
2,NT,2022,1,5
2,NL,2015,2,20
2,NL,2016,2,45
2,NL,2017,2,30
2,NL,2018,2,25
2,NL,2019,2,25
2,NL,2020,2,45
2,NL,2021,2,40
2,NL,2022,2,55
2,PE,2015,2,10
2,NS,2015,2,55
2,NB,2015,2,50
2,QC,2015,2,860
2,ON,2015,2,1910
2,MB,2015,2,305
2,SK,2015,2,225
2,AB,2015,2,705
2,BC,2015,2,635
2,YT,2015,2,5
2,PE,2016,2,45
2,NS,2016,2,155
2,NB,2016,2,185
2,QC,2016,2,1395
2,ON,2016,2,3215
2,MB,2016,2,465
2,SK,2016,2,380
2,AB,2016,2,1490
2,BC,2016,2,1105
2,YT,2016,2,5
2,PE,2017,2,45
2,NS,2017,2,120
2,NB,2017,2,50
2,QC,2017,2,1170
2,ON,2017,2,2705
2,MB,2017,2,380
2,SK,2017,2,270
2,AB,2017,2,1355
2,BC,2017,2,1165
2,YT,2017,2,10
2,PE,2018,2,35
2,NS,2018,2,160
2,NB,2018,2,90
2,QC,2018,2,1050
2,ON,2018,2,4380
2,MB,2018,2,340
2,SK,2018,2,395
2,AB,2018,2,1150
2,BC,2018,2,1415
2,YT,2018,2,10
2,NT,2018,2,10
2,PE,2019,2,70
2,NS,2019,2,105
2,NB,2019,2,60
2,QC,2019,2,560
2,ON,2019,2,3330
2,MB,2019,2,305
2,SK,2019,2,210
2,AB,2019,2,825
2,BC,2019,2,905
2,NT,2019,2,15
2,PE,2020,2,65
2,NS,2020,2,125
2,NB,2020,2,65
2,QC,2020,2,665
2,ON,2020,2,4230
2,MB,2020,2,385
2,SK,2020,2,270
2,AB,2020,2,955
2,BC,2020,2,1380
2,YT,2020,2,10
2,NT,2020,2,10
2,PE,2021,2,105
2,NS,2021,2,105
2,NB,2021,2,55
2,QC,2021,2,1060
2,ON,2021,2,4630
2,MB,2021,2,425
2,SK,2021,2,215
2,AB,2021,2,705
2,BC,2021,2,1570
2,YT,2021,2,30
2,NT,2021,2,5
2,PE,2022,2,135
2,NS,2022,2,390
2,NB,2022,2,185
2,QC,2022,2,1175
2,ON,2022,2,6450
2,MB,2022,2,710
2,SK,2022,2,440
2,AB,2022,2,1470
2,BC,2022,2,2530
2,YT,2022,2,35
2,NT,2022,2,20
2,NL,2015,3,25
2,NL,2016,3,40
2,NL,2017,3,25
2,NL,2018,3,40
2,NL,2019,3,30
2,NL,2020,3,30
2,NL,2021,3,25
2,NL,2022,3,85
2,PE,2015,3,20
2,NS,2015,3,60
2,NB,2015,3,70
2,QC,2015,3,1140
2,ON,2015,3,2255
2,MB,2015,3,465
2,SK,2015,3,440
2,AB,2015,3,1175
2,BC,2015,3,905
2,PE,2016,3,35
2,NS,2016,3,135
2,NB,2016,3,60
2,QC,2016,3,1285
2,ON,2016,3,2835
2,MB,2016,3,530
2,SK,2016,3,385
2,AB,2016,3,1400
2,BC,2016,3,1205
2,YT,2016,3,5
2,NT,2016,3,10
2,PE,2017,3,65
2,NS,2017,3,120
2,NB,2017,3,55
2,QC,2017,3,1575
2,ON,2017,3,3110
2,MB,2017,3,480
2,SK,2017,3,395
2,AB,2017,3,1490
2,BC,2017,3,1255
2,YT,2017,3,15
2,NT,2017,3,5
2,PE,2018,3,85
2,NS,2018,3,170
2,NB,2018,3,90
2,QC,2018,3,1215
2,ON,2018,3,4345
2,MB,2018,3,450
2,SK,2018,3,420
2,AB,2018,3,1430
2,BC,2018,3,1505
2,YT,2018,3,20
2,NT,2018,3,30
2,PE,2019,3,80
2,NS,2019,3,160
2,NB,2019,3,125
2,QC,2019,3,750
2,ON,2019,3,4435
2,MB,2019,3,500
2,SK,2019,3,345
2,AB,2019,3,1090
2,BC,2019,3,1220
2,YT,2019,3,10
2,NT,2019,3,5
2,PE,2020,3,65
2,NS,2020,3,95
2,NB,2020,3,75
2,QC,2020,3,470
2,ON,2020,3,3010
2,MB,2020,3,255
2,SK,2020,3,170
2,AB,2020,3,815
2,BC,2020,3,915
2,PE,2021,3,25
2,NS,2021,3,125
2,NB,2021,3,65
2,QC,2021,3,960
2,ON,2021,3,4925
2,MB,2021,3,360
2,SK,2021,3,170
2,AB,2021,3,630
2,BC,2021,3,1500
2,YT,2021,3,10
2,NT,2021,3,10
2,PE,2022,3,100
2,NS,2022,3,515
2,NB,2022,3,210
2,QC,2022,3,1520
2,ON,2022,3,6495
2,MB,2022,3,610
2,SK,2022,3,340
2,AB,2022,3,1500
2,BC,2022,3,2365
2,YT,2022,3,15
2,NT,2022,3,10
2,NL,2015,4,25
2,NL,2016,4,20
2,NL,2017,4,20
2,NL,2018,4,35
2,NL,2019,4,40
2,NL,2021,4,20
2,NL,2022,4,55
2,PE,2015,4,10
2,NS,2015,4,50
2,NB,2015,4,40
2,QC,2015,4,1135
2,ON,2015,4,2240
2,MB,2015,4,375
2,SK,2015,4,370
2,AB,2015,4,1175
2,BC,2015,4,860
2,YT,2015,4,10
2,PE,2016,4,30
2,NS,2016,4,130
2,NB,2016,4,65
2,QC,2016,4,1070
2,ON,2016,4,3005
2,MB,2016,4,495
2,SK,2016,4,335
2,AB,2016,4,1365
2,BC,2016,4,1275
2,YT,2016,4,5
2,NT,2016,4,10
2,PE,2017,4,55
2,NS,2017,4,90
2,NB,2017,4,60
2,QC,2017,4,1295
2,ON,2017,4,2605
2,MB,2017,4,395
2,SK,2017,4,310
2,AB,2017,4,1175
2,BC,2017,4,1050
2,YT,2017,4,5
2,PE,2018,4,45
2,NS,2018,4,160
2,NB,2018,4,75
2,QC,2018,4,1070
2,ON,2018,4,3750
2,MB,2018,4,470
2,SK,2018,4,380
2,AB,2018,4,1300
2,BC,2018,4,1400
2,YT,2018,4,10
2,NT,2018,4,5
2,PE,2019,4,60
2,NS,2019,4,165
2,NB,2019,4,115
2,QC,2019,4,645
2,ON,2019,4,4070
2,MB,2019,4,370
2,SK,2019,4,265
2,AB,2019,4,1085
2,BC,2019,4,1215
2,YT,2019,4,15
2,NT,2019,4,15
2,PE,2020,4,10
2,NS,2020,4,10
2,NB,2020,4,5
2,QC,2020,4,45
2,ON,2020,4,900
2,MB,2020,4,85
2,SK,2020,4,50
2,AB,2020,4,240
2,BC,2020,4,105
2,PE,2021,4,35
2,NS,2021,4,90
2,NB,2021,4,65
2,QC,2021,4,980
2,ON,2021,4,4035
2,MB,2021,4,400
2,SK,2021,4,175
2,AB,2021,4,645
2,BC,2021,4,1580
2,YT,2021,4,15
2,PE,2022,4,140
2,NS,2022,4,380
2,NB,2022,4,195
2,QC,2022,4,1280
2,ON,2022,4,5865
2,MB,2022,4,575
2,SK,2022,4,330
2,AB,2022,4,1415
2,BC,2022,4,1775
2,YT,2022,4,25
2,NT,2022,4,10
2,NL,2015,5,30
2,NL,2016,5,40
2,NL,2017,5,30
2,NL,2018,5,45
2,NL,2019,5,85
2,NL,2020,5,30
2,NL,2021,5,20
2,NL,2022,5,70
2,PE,2015,5,20
2,NS,2015,5,50
2,NB,2015,5,30
2,QC,2015,5,1160
2,ON,2015,5,2755
2,MB,2015,5,350
2,SK,2015,5,385
2,AB,2015,5,1125
2,BC,2015,5,835
2,NT,2015,5,5
2,PE,2016,5,40
2,NS,2016,5,165
2,NB,2016,5,75
2,QC,2016,5,1400
2,ON,2016,5,3305
2,MB,2016,5,510
2,SK,2016,5,370
2,AB,2016,5,1445
2,BC,2016,5,1340
2,YT,2016,5,5
2,PE,2017,5,40
2,NS,2017,5,120
2,NB,2017,5,65
2,QC,2017,5,1275
2,ON,2017,5,2800
2,MB,2017,5,430
2,SK,2017,5,310
2,AB,2017,5,1245
2,BC,2017,5,1105
2,YT,2017,5,10
2,NU,2017,5,5
2,PE,2018,5,40
2,NS,2018,5,145
2,NB,2018,5,70
2,QC,2018,5,1035
2,ON,2018,5,3660
2,MB,2018,5,445
2,SK,2018,5,335
2,AB,2018,5,1315
2,BC,2018,5,1270
2,YT,2018,5,10
2,NT,2018,5,10
2,PE,2019,5,70
2,NS,2019,5,235
2,NB,2019,5,115
2,QC,2019,5,685
2,ON,2019,5,4785
2,MB,2019,5,670
2,SK,2019,5,335
2,AB,2019,5,1420
2,BC,2019,5,1630
2,YT,2019,5,10
2,NT,2019,5,5
2,PE,2020,5,40
2,NS,2020,5,155
2,NB,2020,5,65
2,QC,2020,5,435
2,ON,2020,5,1760
2,MB,2020,5,140
2,SK,2020,5,90
2,AB,2020,5,500
2,BC,2020,5,655
2,NT,2020,5,5
2,PE,2021,5,35
2,NS,2021,5,105
2,NB,2021,5,55
2,QC,2021,5,665
2,ON,2021,5,3605
2,MB,2021,5,120
2,SK,2021,5,95
2,AB,2021,5,530
2,BC,2021,5,1050
2,YT,2021,5,30
2,PE,2022,5,170
2,NS,2022,5,435
2,NB,2022,5,225
2,QC,2022,5,1470
2,ON,2022,5,5135
2,MB,2022,5,645
2,SK,2022,5,310
2,AB,2022,5,1235
2,BC,2022,5,1555
2,YT,2022,5,20
2,NT,2022,5,10
2,NL,2015,6,20
2,NL,2016,6,30
2,NL,2017,6,30
2,NL,2018,6,35
2,NL,2019,6,50
2,NL,2020,6,20
2,NL,2021,6,45
2,NL,2022,6,100
2,PE,2015,6,20
2,NS,2015,6,65
2,NB,2015,6,60
2,QC,2015,6,1310
2,ON,2015,6,3070
2,MB,2015,6,495
2,SK,2015,6,420
2,AB,2015,6,1220
2,BC,2015,6,1020
2,YT,2015,6,10
2,NT,2015,6,15
2,NU,2015,6,5
2,PE,2016,6,55
2,NS,2016,6,145
2,NB,2016,6,75
2,QC,2016,6,1470
2,ON,2016,6,3425
2,MB,2016,6,520
2,SK,2016,6,485
2,AB,2016,6,1440
2,BC,2016,6,1395
2,PE,2017,6,35
2,NS,2017,6,120
2,NB,2017,6,80
2,QC,2017,6,1340
2,ON,2017,6,3090
2,MB,2017,6,460
2,SK,2017,6,300
2,AB,2017,6,1190
2,BC,2017,6,1200
2,YT,2017,6,10
2,NT,2017,6,5
2,PE,2018,6,45
2,NS,2018,6,150
2,NB,2018,6,70
2,QC,2018,6,1080
2,ON,2018,6,3965
2,MB,2018,6,290
2,SK,2018,6,315
2,AB,2018,6,1215
2,BC,2018,6,1430
2,YT,2018,6,5
2,NT,2018,6,10
2,PE,2019,6,55
2,NS,2019,6,185
2,NB,2019,6,125
2,QC,2019,6,800
2,ON,2019,6,5195
2,MB,2019,6,700
2,SK,2019,6,350
2,AB,2019,6,1455
2,BC,2019,6,1815
2,YT,2019,6,25
2,NT,2019,6,5
2,PE,2020,6,140
2,NS,2020,6,185
2,NB,2020,6,105
2,QC,2020,6,300
2,ON,2020,6,3925
2,MB,2020,6,280
2,SK,2020,6,135
2,AB,2020,6,805
2,BC,2020,6,1655
2,YT,2020,6,5
2,NT,2020,6,5
2,PE,2021,6,120
2,NS,2021,6,285
2,NB,2021,6,140
2,QC,2021,6,1105
2,ON,2021,6,9140
2,MB,2021,6,565
2,SK,2021,6,300
2,AB,2021,6,1285
2,BC,2021,6,3085
2,YT,2021,6,30
2,NT,2021,6,20
2,PE,2022,6,180
2,NS,2022,6,610
2,NB,2022,6,325
2,QC,2022,6,1815
2,ON,2022,6,5720
2,MB,2022,6,745
2,SK,2022,6,440
2,AB,2022,6,1405
2,BC,2022,6,1720
2,YT,2022,6,25
2,NT,2022,6,10
2,NL,2015,7,25
2,NL,2016,7,25
2,NL,2017,7,45
2,NL,2018,7,65
2,NL,2019,7,50
2,NL,2020,7,10
2,NL,2021,7,50
2,NL,2022,7,150
2,PE,2015,7,25
2,NS,2015,7,70
2,NB,2015,7,55
2,QC,2015,7,1415
2,ON,2015,7,2915
2,MB,2015,7,495
2,SK,2015,7,450
2,AB,2015,7,1275
2,BC,2015,7,1115
2,YT,2015,7,10
2,PE,2016,7,50
2,NS,2016,7,115
2,NB,2016,7,65
2,QC,2016,7,1450
2,ON,2016,7,2715
2,MB,2016,7,425
2,SK,2016,7,375
2,AB,2016,7,1070
2,BC,2016,7,930
2,PE,2017,7,35
2,NS,2017,7,95
2,NB,2017,7,70
2,QC,2017,7,1350
2,ON,2017,7,3305
2,MB,2017,7,350
2,SK,2017,7,305
2,AB,2017,7,1010
2,BC,2017,7,945
2,YT,2017,7,5
2,NT,2017,7,10
2,PE,2018,7,45
2,NS,2018,7,155
2,NB,2018,7,80
2,QC,2018,7,1210
2,ON,2018,7,3625
2,MB,2018,7,345
2,SK,2018,7,320
2,AB,2018,7,1235
2,BC,2018,7,1405
2,YT,2018,7,10
2,NT,2018,7,5
2,PE,2019,7,120
2,NS,2019,7,265
2,NB,2019,7,155
2,QC,2019,7,905
2,ON,2019,7,5440
2,MB,2019,7,640
2,SK,2019,7,360
2,AB,2019,7,1435
2,BC,2019,7,2075
2,YT,2019,7,20
2,NT,2019,7,5
2,PE,2020,7,15
2,NS,2020,7,50
2,NB,2020,7,55
2,QC,2020,7,430
2,ON,2020,7,1750
2,MB,2020,7,215
2,SK,2020,7,95
2,AB,2020,7,470
2,BC,2020,7,450
2,PE,2021,7,285
2,NS,2021,7,365
2,NB,2021,7,170
2,QC,2021,7,1350
2,ON,2021,7,8690
2,MB,2021,7,735
2,SK,2021,7,370
2,AB,2021,7,1435
2,BC,2021,7,3340
2,YT,2021,7,25
2,NT,2021,7,20
2,PE,2022,7,175
2,NS,2022,7,525
2,NB,2022,7,295
2,QC,2022,7,1930
2,ON,2022,7,5375
2,MB,2022,7,720
2,SK,2022,7,435
2,AB,2022,7,1190
2,BC,2022,7,1740
2,YT,2022,7,20
2,NT,2022,7,10
2,NL,2015,8,25
2,NL,2016,8,30
2,NL,2017,8,40
2,NL,2018,8,45
2,NL,2019,8,45
2,NL,2020,8,10
2,NL,2021,8,70
2,PE,2015,8,20
2,NS,2015,8,80
2,NB,2015,8,50
2,QC,2015,8,1160
2,ON,2015,8,2550
2,MB,2015,8,350
2,SK,2015,8,345
2,AB,2015,8,1170
2,BC,2015,8,1020
2,YT,2015,8,15
2,NT,2015,8,10
2,PE,2016,8,45
2,NS,2016,8,80
2,NB,2016,8,45
2,QC,2016,8,1105
2,ON,2016,8,2215
2,MB,2016,8,320
2,SK,2016,8,220
2,AB,2016,8,925
2,BC,2016,8,760
2,YT,2016,8,10
2,PE,2017,8,50
2,NS,2017,8,105
2,NB,2017,8,80
2,QC,2017,8,1025
2,ON,2017,8,3120
2,MB,2017,8,310
2,SK,2017,8,275
2,AB,2017,8,750
2,BC,2017,8,1035
2,YT,2017,8,10
2,PE,2018,8,45
2,NS,2018,8,165
2,NB,2018,8,95
2,QC,2018,8,1250
2,ON,2018,8,3125
2,MB,2018,8,325
2,SK,2018,8,290
2,AB,2018,8,1010
2,BC,2018,8,1135
2,YT,2018,8,10
2,NT,2018,8,5
2,PE,2019,8,105
2,NS,2019,8,190
2,NB,2019,8,105
2,QC,2019,8,670
2,ON,2019,8,5080
2,MB,2019,8,800
2,SK,2019,8,470
2,AB,2019,8,1375
2,BC,2019,8,1870
2,YT,2019,8,15
2,NT,2019,8,5
2,PE,2020,8,15
2,NS,2020,8,55
2,NB,2020,8,35
2,QC,2020,8,405
2,ON,2020,8,1385
2,MB,2020,8,70
2,SK,2020,8,70
2,AB,2020,8,370
2,BC,2020,8,390
2,PE,2021,8,210
2,NS,2021,8,540
2,NB,2021,8,230
2,QC,2021,8,1250
2,ON,2021,8,9030
2,MB,2021,8,605
2,SK,2021,8,305
2,AB,2021,8,1255
2,BC,2021,8,3730
2,YT,2021,8,30
2,NT,2021,8,20
2,PE,2015,9,50
2,NS,2015,9,35
2,NB,2015,9,35
2,QC,2015,9,95
2,ON,2015,9,50
2,MB,2015,9,20
2,SK,2015,9,30
2,AB,2015,9,405
2,BC,2015,9,905
2,YT,2015,9,485
2,NT,2015,9,465
2,NU,2015,9,2170
2,PE,2016,9,220
2,ON,2016,9,65
2,MB,2016,9,20
2,SK,2016,9,30
2,AB,2016,9,340
2,BC,2016,9,710
2,YT,2016,9,445
2,NT,2016,9,415
2,NU,2016,9,1080
2,PE,2017,9,180
2,ON,2017,9,55
2,MB,2017,9,15
2,SK,2017,9,25
2,AB,2017,9,340
2,BC,2017,9,625
2,YT,2017,9,460
2,NT,2017,9,525
2,NU,2017,9,850
2,PE,2018,9,195
2,ON,2018,9,80
2,MB,2018,9,30
2,SK,2018,9,35
2,AB,2018,9,450
2,BC,2018,9,750
2,YT,2018,9,530
2,NT,2018,9,650
2,NU,2018,9,1175
2,PE,2019,9,225
2,ON,2019,9,80
2,MB,2019,9,50
2,SK,2019,9,55
2,AB,2019,9,350
2,BC,2019,9,955
2,YT,2019,9,700
2,NT,2019,9,905
2,NU,2019,9,1480
2,PE,2020,9,175
2,ON,2020,9,35
2,MB,2020,9,15
2,SK,2020,9,20
2,AB,2020,9,185
2,BC,2020,9,620
2,YT,2020,9,290
2,NT,2020,9,200
2,NU,2020,9,640
2,PE,2021,9,115
2,ON,2021,9,70
2,MB,2021,9,55
2,SK,2021,9,40
2,AB,2021,9,450
2,BC,2021,9,1230
2,YT,2021,9,500
2,NT,2021,9,370
2,NU,2021,9,1510
2,PE,2022,9,210
2,PE,2015,10,40
2,NS,2015,10,25
2,NB,2015,10,35
2,QC,2015,10,110
2,ON,2015,10,45
2,MB,2015,10,25
2,SK,2015,10,30
2,AB,2015,10,335
2,BC,2015,10,825
2,YT,2015,10,550
2,NT,2015,10,415
2,NU,2015,10,1990
2,PE,2016,10,165
2,ON,2016,10,35
2,MB,2016,10,15
2,SK,2016,10,15
2,AB,2016,10,265
2,BC,2016,10,675
2,YT,2016,10,345
2,NT,2016,10,390
2,NU,2016,10,925
2,PE,2017,10,200
2,ON,2017,10,65
2,MB,2017,10,20
2,SK,2017,10,25
2,AB,2017,10,260
2,BC,2017,10,560
2,YT,2017,10,360
2,NT,2017,10,460
2,NU,2017,10,935
2,PE,2018,10,155
2,ON,2018,10,60
2,MB,2018,10,35
2,SK,2018,10,30
2,AB,2018,10,440
2,BC,2018,10,805
2,YT,2018,10,505
2,NT,2018,10,470
2,NU,2018,10,1105
2,PE,2019,10,230
2,ON,2019,10,55
2,MB,2019,10,50
2,SK,2019,10,50
2,AB,2019,10,350
2,BC,2019,10,765
2,YT,2019,10,605
2,NT,2019,10,665
2,NU,2019,10,1445
2,PE,2020,10,215
2,ON,2020,10,20
2,MB,2020,10,25
2,SK,2020,10,15
2,AB,2020,10,225
2,BC,2020,10,635
2,YT,2020,10,240
2,NT,2020,10,200
2,NU,2020,10,695
2,PE,2021,10,120
2,ON,2021,10,65
2,MB,2021,10,80
2,SK,2021,10,40
2,AB,2021,10,475
2,BC,2021,10,1485
2,YT,2021,10,530
2,NT,2021,10,365
2,NU,2021,10,1595
2,PE,2022,10,255
2,PE,2015,11,60
2,NS,2015,11,30
2,NB,2015,11,10
2,QC,2015,11,20
2,ON,2015,11,10
2,SK,2015,11,25
2,AB,2015,11,495
2,BC,2015,11,30
2,YT,2015,11,25
2,NT,2015,11,145
2,NU,2015,11,340
2,QC,2016,11,10
2,ON,2016,11,5
2,SK,2016,11,20
2,AB,2016,11,655
2,BC,2016,11,50
2,YT,2016,11,25
2,NT,2016,11,195
2,NU,2016,11,190
2,QC,2017,11,10
2,ON,2017,11,10
2,SK,2017,11,30
2,AB,2017,11,365
2,BC,2017,11,20
2,YT,2017,11,20
2,NT,2017,11,105
2,NU,2017,11,245
2,PE,2018,11,5
2,NB,2018,11,15
2,QC,2018,11,25
2,ON,2018,11,5
2,SK,2018,11,20
2,AB,2018,11,620
2,BC,2018,11,45
2,YT,2018,11,35
2,NT,2018,11,245
2,NU,2018,11,235
2,NB,2019,11,10
2,QC,2019,11,20
2,ON,2019,11,10
2,SK,2019,11,10
2,AB,2019,11,505
2,BC,2019,11,35
2,YT,2019,11,30
2,NT,2019,11,185
2,NU,2019,11,300
2,QC,2020,11,15
2,ON,2020,11,10
2,SK,2020,11,20
2,AB,2020,11,345
2,BC,2020,11,20
2,YT,2020,11,20
2,NT,2020,11,130
2,NU,2020,11,180
2,NB,2021,11,15
2,QC,2021,11,15
2,ON,2021,11,25
2,SK,2021,11,45
2,AB,2021,11,810
2,BC,2021,11,55
2,YT,2021,11,55
2,NT,2021,11,245
2,NU,2021,11,545
2,NB,2022,12,95
2,QC,2022,12,100
2,ON,2022,12,10
2,MB,2022,12,35
2,BC,2022,12,110
2,YT,2022,12,1140
2,NU,2022,12,115
2,NL,2016,12,1015
2,NL,2017,12,1095
2,NL,2018,12,1565
2,NL,2019,12,340
2,NL,2020,12,115
2,NL,2021,12,15
2,QC,2015,12,10
2,ON,2015,12,10
2,SK,2015,12,20
2,AB,2015,12,525
2,BC,2015,12,25
2,YT,2015,12,20
2,NT,2015,12,150
2,NU,2015,12,265
2,NB,2016,12,5
2,QC,2016,12,15
2,ON,2016,12,10
2,SK,2016,12,15
2,AB,2016,12,420
2,BC,2016,12,15
2,YT,2016,12,5
2,NT,2016,12,125
2,NU,2016,12,245
2,NB,2017,12,5
2,QC,2017,12,20
2,ON,2017,12,10
2,SK,2017,12,25
2,AB,2017,12,640
2,BC,2017,12,40
2,YT,2017,12,25
2,NT,2017,12,235
2,NU,2017,12,260
2,NB,2018,12,10
2,QC,2018,12,20
2,ON,2018,12,5
2,SK,2018,12,20
2,AB,2018,12,465
2,BC,2018,12,25
2,YT,2018,12,30
2,NT,2018,12,205
2,NU,2018,12,270
2,NB,2019,12,5
2,QC,2019,12,5
2,SK,2019,12,15
2,AB,2019,12,240
2,BC,2019,12,25
2,YT,2019,12,20
2,NT,2019,12,105
2,NU,2019,12,160
2,NB,2020,12,20
2,QC,2020,12,20
2,ON,2020,12,20
2,SK,2020,12,35
2,AB,2020,12,655
2,BC,2020,12,35
2,YT,2020,12,25
2,NT,2020,12,205
2,NU,2020,12,525
3,NL,2015,1,20
3,NL,2016,1,35
3,NL,2017,1,20
3,NL,2018,1,25
3,NL,2019,1,35
3,NL,2020,1,40
3,NL,2021,1,25
3,NL,2022,1,70
3,PE,2015,1,10
3,NS,2015,1,50
3,NB,2015,1,40
3,QC,2015,1,820
3,ON,2015,1,1950
3,MB,2015,1,260
3,SK,2015,1,215
3,AB,2015,1,695
3,BC,2015,1,730
3,YT,2015,1,5
3,PE,2016,1,60
3,NS,2016,1,200
3,NB,2016,1,185
3,QC,2016,1,1445
3,ON,2016,1,3245
3,MB,2016,1,385
3,SK,2016,1,420
3,AB,2016,1,1710
3,BC,2016,1,1370
3,YT,2016,1,10
3,PE,2017,1,55
3,NS,2017,1,135
3,NB,2017,1,90
3,QC,2017,1,1250
3,ON,2017,1,2680
3,MB,2017,1,395
3,SK,2017,1,560
3,AB,2017,1,1900
3,BC,2017,1,1505
3,YT,2017,1,15
3,NT,2017,1,20
3,PE,2018,1,40
3,NS,2018,1,160
3,NB,2018,1,135
3,QC,2018,1,1015
3,ON,2018,1,4090
3,MB,2018,1,340
3,SK,2018,1,460
3,AB,2018,1,1175
3,BC,2018,1,1560
3,YT,2018,1,15
3,NT,2018,1,10
3,PE,2019,1,35
3,NS,2019,1,130
3,NB,2019,1,80
3,QC,2019,1,855
3,ON,2019,1,3020
3,MB,2019,1,300
3,SK,2019,1,260
3,AB,2019,1,875
3,BC,2019,1,1030
3,YT,2019,1,10
3,PE,2020,1,50
3,NS,2020,1,165
3,NB,2020,1,150
3,QC,2020,1,1280
3,ON,2020,1,4400
3,MB,2020,1,375
3,SK,2020,1,430
3,AB,2020,1,1010
3,BC,2020,1,1705
3,YT,2020,1,5
3,PE,2021,1,20
3,NS,2021,1,120
3,NB,2021,1,110
3,QC,2021,1,1635
3,ON,2021,1,4065
3,MB,2021,1,455
3,SK,2021,1,370
3,AB,2021,1,925
3,BC,2021,1,1205
3,PE,2022,1,60
3,NS,2022,1,335
3,NB,2022,1,210
3,QC,2022,1,1225
3,ON,2022,1,5425
3,MB,2022,1,465
3,SK,2022,1,405
3,AB,2022,1,1175
3,BC,2022,1,2435
3,YT,2022,1,15
3,NT,2022,1,10
3,NL,2015,2,40
3,NL,2016,2,60
3,NL,2017,2,40
3,NL,2018,2,45
3,NL,2019,2,35
3,NL,2020,2,65
3,NL,2021,2,45
3,NL,2022,2,85
3,PE,2015,2,25
3,NS,2015,2,65
3,NB,2015,2,70
3,QC,2015,2,1135
3,ON,2015,2,2580
3,MB,2015,2,310
3,SK,2015,2,240
3,AB,2015,2,1110
3,BC,2015,2,795
3,YT,2015,2,5
3,PE,2016,2,90
3,NS,2016,2,230
3,NB,2016,2,280
3,QC,2016,2,1755
3,ON,2016,2,3715
3,MB,2016,2,500
3,SK,2016,2,500
3,AB,2016,2,2055
3,BC,2016,2,1510
3,YT,2016,2,5
3,NT,2016,2,10
3,PE,2017,2,65
3,NS,2017,2,145
3,NB,2017,2,90
3,QC,2017,2,1410
3,ON,2017,2,2795
3,MB,2017,2,370
3,SK,2017,2,425
3,AB,2017,2,1595
3,BC,2017,2,1325
3,YT,2017,2,10
3,NT,2017,2,10
3,PE,2018,2,50
3,NS,2018,2,190
3,NB,2018,2,175
3,QC,2018,2,1395
3,ON,2018,2,4035
3,MB,2018,2,435
3,SK,2018,2,585
3,AB,2018,2,1225
3,BC,2018,2,1535
3,YT,2018,2,20
3,NT,2018,2,10
3,PE,2019,2,60
3,NS,2019,2,155
3,NB,2019,2,135
3,QC,2019,2,840
3,ON,2019,2,3620
3,MB,2019,2,345
3,SK,2019,2,335
3,AB,2019,2,870
3,BC,2019,2,945
3,YT,2019,2,10
3,NT,2019,2,5
3,PE,2020,2,55
3,NS,2020,2,195
3,NB,2020,2,130
3,QC,2020,2,1125
3,ON,2020,2,4710
3,MB,2020,2,410
3,SK,2020,2,480
3,AB,2020,2,1065
3,BC,2020,2,1655
3,YT,2020,2,15
3,NT,2020,2,10
3,PE,2021,2,40
3,NS,2021,2,135
3,NB,2021,2,100
3,QC,2021,2,1430
3,ON,2021,2,3940
3,MB,2021,2,365
3,SK,2021,2,315
3,AB,2021,2,810
3,BC,2021,2,1270
3,YT,2021,2,10
3,PE,2022,2,55
3,NS,2022,2,340
3,NB,2022,2,205
3,QC,2022,2,1800
3,ON,2022,2,5295
3,MB,2022,2,635
3,SK,2022,2,500
3,AB,2022,2,1465
3,BC,2022,2,2480
3,YT,2022,2,20
3,NT,2022,2,5
3,NL,2015,3,15
3,NL,2016,3,50
3,NL,2017,3,50
3,NL,2018,3,60
3,NL,2019,3,35
3,NL,2020,3,40
3,NL,2021,3,40
3,NL,2022,3,90
3,PE,2015,3,35
3,NS,2015,3,125
3,NB,2015,3,105
3,QC,2015,3,1670
3,ON,2015,3,2905
3,MB,2015,3,500
3,SK,2015,3,350
3,AB,2015,3,1430
3,BC,2015,3,1060
3,YT,2015,3,10
3,NT,2015,3,10
3,PE,2016,3,65
3,NS,2016,3,190
3,NB,2016,3,105
3,QC,2016,3,1685
3,ON,2016,3,3585
3,MB,2016,3,610
3,SK,2016,3,565
3,AB,2016,3,1960
3,BC,2016,3,1500
3,YT,2016,3,10
3,NT,2016,3,15
3,PE,2017,3,95
3,NS,2017,3,160
3,NB,2017,3,110
3,QC,2017,3,2110
3,ON,2017,3,3150
3,MB,2017,3,595
3,SK,2017,3,600
3,AB,2017,3,1695
3,BC,2017,3,1290
3,YT,2017,3,5
3,NT,2017,3,10
3,PE,2018,3,70
3,NS,2018,3,225
3,NB,2018,3,195
3,QC,2018,3,1990
3,ON,2018,3,5090
3,MB,2018,3,515
3,SK,2018,3,605
3,AB,2018,3,1630
3,BC,2018,3,1655
3,YT,2018,3,10
3,NT,2018,3,15
3,PE,2019,3,60
3,NS,2019,3,205
3,NB,2019,3,220
3,QC,2019,3,1170
3,ON,2019,3,4745
3,MB,2019,3,495
3,SK,2019,3,435
3,AB,2019,3,1065
3,BC,2019,3,1320
3,YT,2019,3,20
3,PE,2020,3,35
3,NS,2020,3,140
3,NB,2020,3,140
3,QC,2020,3,740
3,ON,2020,3,3250
3,MB,2020,3,330
3,SK,2020,3,325
3,AB,2020,3,850
3,BC,2020,3,1005
3,YT,2020,3,15
3,NT,2020,3,10
3,PE,2021,3,35
3,NS,2021,3,120
3,NB,2021,3,85
3,QC,2021,3,1340
3,ON,2021,3,4055
3,MB,2021,3,295
3,SK,2021,3,240
3,AB,2021,3,705
3,BC,2021,3,1335
3,YT,2021,3,10
3,PE,2022,3,55
3,NS,2022,3,390
3,NB,2022,3,315
3,QC,2022,3,2290
3,ON,2022,3,5690
3,MB,2022,3,590
3,SK,2022,3,590
3,AB,2022,3,1585
3,BC,2022,3,2655
3,YT,2022,3,30
3,NT,2022,3,10
3,NL,2015,4,40
3,NL,2016,4,30
3,NL,2017,4,50
3,NL,2018,4,50
3,NL,2019,4,60
3,NL,2021,4,30
3,NL,2022,4,70
3,PE,2015,4,30
3,NS,2015,4,105
3,NB,2015,4,75
3,QC,2015,4,1680
3,ON,2015,4,2740
3,MB,2015,4,455
3,SK,2015,4,390
3,AB,2015,4,1480
3,BC,2015,4,1015
3,YT,2015,4,15
3,NT,2015,4,5
3,PE,2016,4,110
3,NS,2016,4,235
3,NB,2016,4,115
3,QC,2016,4,1780
3,ON,2016,4,3810
3,MB,2016,4,620
3,SK,2016,4,535
3,AB,2016,4,2105
3,BC,2016,4,1350
3,YT,2016,4,10
3,NT,2016,4,5
3,PE,2017,4,105
3,NS,2017,4,130
3,NB,2017,4,140
3,QC,2017,4,1950
3,ON,2017,4,2645
3,MB,2017,4,530
3,SK,2017,4,550
3,AB,2017,4,1455
3,BC,2017,4,1130
3,YT,2017,4,10
3,NT,2017,4,5
3,PE,2018,4,65
3,NS,2018,4,230
3,NB,2018,4,155
3,QC,2018,4,1805
3,ON,2018,4,4840
3,MB,2018,4,555
3,SK,2018,4,620
3,AB,2018,4,1340
3,BC,2018,4,1575
3,YT,2018,4,20
3,NT,2018,4,10
3,PE,2019,4,65
3,NS,2019,4,210
3,NB,2019,4,230
3,QC,2019,4,1110
3,ON,2019,4,4585
3,MB,2019,4,480
3,SK,2019,4,410
3,AB,2019,4,1190
3,BC,2019,4,1400
3,YT,2019,4,10
3,NT,2019,4,10
3,PE,2020,4,5
3,NS,2020,4,20
3,NB,2020,4,25
3,QC,2020,4,90
3,ON,2020,4,840
3,MB,2020,4,90
3,SK,2020,4,105
3,AB,2020,4,250
3,BC,2020,4,135
3,PE,2021,4,30
3,NS,2021,4,100
3,NB,2021,4,90
3,QC,2021,4,1315
3,ON,2021,4,3520
3,MB,2021,4,315
3,SK,2021,4,220
3,AB,2021,4,760
3,BC,2021,4,1395
3,YT,2021,4,10
3,PE,2022,4,60
3,NS,2022,4,330
3,NB,2022,4,280
3,QC,2022,4,2000
3,ON,2022,4,5485
3,MB,2022,4,435
3,SK,2022,4,540
3,AB,2022,4,1405
3,BC,2022,4,1895
3,YT,2022,4,15
3,NT,2022,4,10
3,NL,2015,5,50
3,NL,2016,5,60
3,NL,2017,5,50
3,NL,2018,5,55
3,NL,2019,5,95
3,NL,2020,5,45
3,NL,2021,5,30
3,NL,2022,5,85
3,PE,2015,5,45
3,NS,2015,5,135
3,NB,2015,5,60
3,QC,2015,5,1710
3,ON,2015,5,3470
3,MB,2015,5,465
3,SK,2015,5,465
3,AB,2015,5,1505
3,BC,2015,5,1130
3,NT,2015,5,5
3,PE,2016,5,65
3,NS,2016,5,210
3,NB,2016,5,110
3,QC,2016,5,2070
3,ON,2016,5,3715
3,MB,2016,5,620
3,SK,2016,5,505
3,AB,2016,5,2030
3,BC,2016,5,1385
3,YT,2016,5,5
3,NT,2016,5,5
3,PE,2017,5,50
3,NS,2017,5,170
3,NB,2017,5,165
3,QC,2017,5,1910
3,ON,2017,5,2675
3,MB,2017,5,525
3,SK,2017,5,560
3,AB,2017,5,1305
3,BC,2017,5,1020
3,YT,2017,5,10
3,NT,2017,5,10
3,PE,2018,5,70
3,NS,2018,5,200
3,NB,2018,5,185
3,QC,2018,5,1655
3,ON,2018,5,4840
3,MB,2018,5,600
3,SK,2018,5,630
3,AB,2018,5,1420
3,BC,2018,5,1440
3,YT,2018,5,10
3,PE,2019,5,60
3,NS,2019,5,305
3,NB,2019,5,220
3,QC,2019,5,1105
3,ON,2019,5,5560
3,MB,2019,5,625
3,SK,2019,5,485
3,AB,2019,5,1320
3,BC,2019,5,1795
3,YT,2019,5,15
3,PE,2020,5,15
3,NS,2020,5,125
3,NB,2020,5,70
3,QC,2020,5,605
3,ON,2020,5,1830
3,MB,2020,5,180
3,SK,2020,5,155
3,AB,2020,5,525
3,BC,2020,5,710
3,PE,2021,5,20
3,NS,2021,5,110
3,NB,2021,5,60
3,QC,2021,5,990
3,ON,2021,5,3220
3,MB,2021,5,155
3,SK,2021,5,130
3,AB,2021,5,610
3,BC,2021,5,1145
3,YT,2021,5,30
3,NT,2021,5,10
3,PE,2022,5,60
3,NS,2022,5,345
3,NB,2022,5,255
3,QC,2022,5,2465
3,ON,2022,5,5515
3,MB,2022,5,595
3,SK,2022,5,635
3,AB,2022,5,1560
3,BC,2022,5,1805
3,YT,2022,5,10
3,NT,2022,5,10
3,NL,2015,6,25
3,NL,2016,6,30
3,NL,2017,6,35
3,NL,2018,6,55
3,NL,2019,6,50
3,NL,2020,6,30
3,NL,2021,6,45
3,NL,2022,6,75
3,PE,2015,6,30
3,NS,2015,6,135
3,NB,2015,6,80
3,QC,2015,6,1885
3,ON,2015,6,3805
3,MB,2015,6,480
3,SK,2015,6,460
3,AB,2015,6,1705
3,BC,2015,6,1280
3,YT,2015,6,5
3,NT,2015,6,10
3,PE,2016,6,115
3,NS,2016,6,205
3,NB,2016,6,175
3,QC,2016,6,2195
3,ON,2016,6,3830
3,MB,2016,6,690
3,SK,2016,6,670
3,AB,2016,6,1855
3,BC,2016,6,1395
3,YT,2016,6,10
3,NT,2016,6,10
3,PE,2017,6,90
3,NS,2017,6,190
3,NB,2017,6,165
3,QC,2017,6,2415
3,ON,2017,6,2795
3,MB,2017,6,540
3,SK,2017,6,590
3,AB,2017,6,1225
3,BC,2017,6,1080
3,YT,2017,6,5
3,NT,2017,6,15
3,PE,2018,6,55
3,NS,2018,6,225
3,NB,2018,6,170
3,QC,2018,6,1825
3,ON,2018,6,5000
3,MB,2018,6,540
3,SK,2018,6,595
3,AB,2018,6,1235
3,BC,2018,6,1445
3,YT,2018,6,5
3,NT,2018,6,15
3,PE,2019,6,60
3,NS,2019,6,315
3,NB,2019,6,260
3,QC,2019,6,1425
3,ON,2019,6,5660
3,MB,2019,6,735
3,SK,2019,6,580
3,AB,2019,6,1385
3,BC,2019,6,1865
3,YT,2019,6,10
3,PE,2020,6,40
3,NS,2020,6,165
3,NB,2020,6,145
3,QC,2020,6,570
3,ON,2020,6,3405
3,MB,2020,6,260
3,SK,2020,6,270
3,AB,2020,6,865
3,BC,2020,6,1560
3,NT,2020,6,10
3,PE,2021,6,30
3,NS,2021,6,160
3,NB,2021,6,145
3,QC,2021,6,1650
3,ON,2021,6,6040
3,MB,2021,6,430
3,SK,2021,6,310
3,AB,2021,6,1335
3,BC,2021,6,2235
3,YT,2021,6,20
3,NT,2021,6,15
3,PE,2022,6,65
3,NS,2022,6,410
3,NB,2022,6,405
3,QC,2022,6,2670
3,ON,2022,6,6525
3,MB,2022,6,735
3,SK,2022,6,885
3,AB,2022,6,1605
3,BC,2022,6,2075
3,YT,2022,6,15
3,NT,2022,6,5
3,NL,2015,7,25
3,NL,2016,7,40
3,NL,2017,7,50
3,NL,2018,7,65
3,NL,2019,7,70
3,NL,2020,7,20
3,NL,2021,7,70
3,NL,2022,7,105
3,PE,2015,7,45
3,NS,2015,7,155
3,NB,2015,7,105
3,QC,2015,7,1955
3,ON,2015,7,3685
3,MB,2015,7,540
3,SK,2015,7,460
3,AB,2015,7,1725
3,BC,2015,7,1450
3,YT,2015,7,15
3,NT,2015,7,10
3,PE,2016,7,130
3,NS,2016,7,160
3,NB,2016,7,170
3,QC,2016,7,2180
3,ON,2016,7,3460
3,MB,2016,7,540
3,SK,2016,7,535
3,AB,2016,7,1445
3,BC,2016,7,1065
3,YT,2016,7,5
3,NT,2016,7,5
3,PE,2017,7,70
3,NS,2017,7,165
3,NB,2017,7,140
3,QC,2017,7,2290
3,ON,2017,7,3165
3,MB,2017,7,485
3,SK,2017,7,565
3,AB,2017,7,1015
3,BC,2017,7,945
3,YT,2017,7,5
3,PE,2018,7,85
3,NS,2018,7,230
3,NB,2018,7,170
3,QC,2018,7,2045
3,ON,2018,7,4460
3,MB,2018,7,440
3,SK,2018,7,535
3,AB,2018,7,1250
3,BC,2018,7,1530
3,YT,2018,7,10
3,PE,2019,7,100
3,NS,2019,7,395
3,NB,2019,7,295
3,QC,2019,7,1655
3,ON,2019,7,6000
3,MB,2019,7,680
3,SK,2019,7,675
3,AB,2019,7,1400
3,BC,2019,7,2155
3,YT,2019,7,15
3,PE,2020,7,15
3,NS,2020,7,110
3,NB,2020,7,120
3,QC,2020,7,1060
3,ON,2020,7,2240
3,MB,2020,7,295
3,SK,2020,7,320
3,AB,2020,7,590
3,BC,2020,7,655
3,YT,2020,7,10
3,PE,2021,7,75
3,NS,2021,7,275
3,NB,2021,7,215
3,QC,2021,7,2140
3,ON,2021,7,5885
3,MB,2021,7,650
3,SK,2021,7,440
3,AB,2021,7,1420
3,BC,2021,7,2540
3,YT,2021,7,25
3,NT,2021,7,5
3,PE,2022,7,75
3,NS,2022,7,510
3,NB,2022,7,435
3,QC,2022,7,2805
3,ON,2022,7,6475
3,MB,2022,7,640
3,SK,2022,7,1065
3,AB,2022,7,1540
3,BC,2022,7,1965
3,YT,2022,7,10
3,NL,2015,8,65
3,NL,2016,8,35
3,NL,2017,8,25
3,NL,2018,8,65
3,NL,2019,8,70
3,NL,2020,8,20
3,NL,2021,8,65
3,PE,2015,8,50
3,NS,2015,8,140
3,NB,2015,8,85
3,QC,2015,8,1495
3,ON,2015,8,3450
3,MB,2015,8,400
3,SK,2015,8,450
3,AB,2015,8,1905
3,BC,2015,8,1275
3,YT,2015,8,15
3,NT,2015,8,10
3,PE,2016,8,75
3,NS,2016,8,160
3,NB,2016,8,110
3,QC,2016,8,1750
3,ON,2016,8,2515
3,MB,2016,8,535
3,SK,2016,8,395
3,AB,2016,8,1190
3,BC,2016,8,845
3,YT,2016,8,5
3,PE,2017,8,75
3,NS,2017,8,150
3,NB,2017,8,160
3,QC,2017,8,1555
3,ON,2017,8,2790
3,MB,2017,8,450
3,SK,2017,8,510
3,AB,2017,8,885
3,BC,2017,8,1035
3,YT,2017,8,5
3,NT,2017,8,10
3,PE,2018,8,85
3,NS,2018,8,205
3,NB,2018,8,170
3,QC,2018,8,1935
3,ON,2018,8,3840
3,MB,2018,8,425
3,SK,2018,8,535
3,AB,2018,8,1060
3,BC,2018,8,1165
3,YT,2018,8,10
3,NT,2018,8,10
3,PE,2019,8,75
3,NS,2019,8,260
3,NB,2019,8,240
3,QC,2019,8,1035
3,ON,2019,8,5350
3,MB,2019,8,710
3,SK,2019,8,635
3,AB,2019,8,1465
3,BC,2019,8,2005
3,YT,2019,8,20
3,NT,2019,8,5
3,PE,2020,8,25
3,NS,2020,8,90
3,NB,2020,8,80
3,QC,2020,8,950
3,ON,2020,8,2045
3,MB,2020,8,190
3,SK,2020,8,190
3,AB,2020,8,415
3,BC,2020,8,485
3,PE,2021,8,60
3,NS,2021,8,315
3,NB,2021,8,180
3,QC,2021,8,1675
3,ON,2021,8,5700
3,MB,2021,8,365
3,SK,2021,8,330
3,AB,2021,8,1200
3,BC,2021,8,2560
3,YT,2021,8,20
3,NT,2021,8,10
3,PE,2015,9,5
3,NS,2015,9,30
3,NB,2015,9,20
3,ON,2015,9,10
3,MB,2015,9,5
3,AB,2015,9,140
3,BC,2015,9,595
3,YT,2015,9,90
3,NT,2015,9,90
3,NU,2015,9,470
3,PE,2016,9,25
3,ON,2016,9,15
3,MB,2016,9,5
3,SK,2016,9,10
3,AB,2016,9,135
3,BC,2016,9,590
3,YT,2016,9,90
3,NT,2016,9,60
3,NU,2016,9,255
3,PE,2017,9,40
3,ON,2017,9,20
3,MB,2017,9,15
3,SK,2017,9,5
3,AB,2017,9,165
3,BC,2017,9,640
3,YT,2017,9,80
3,NT,2017,9,85
3,NU,2017,9,235
3,PE,2018,9,25
3,ON,2018,9,40
3,MB,2018,9,10
3,SK,2018,9,5
3,AB,2018,9,170
3,BC,2018,9,600
3,YT,2018,9,115
3,NT,2018,9,120
3,NU,2018,9,315
3,PE,2019,9,35
3,ON,2019,9,45
3,MB,2019,9,15
3,SK,2019,9,10
3,AB,2019,9,145
3,BC,2019,9,590
3,YT,2019,9,135
3,NT,2019,9,155
3,NU,2019,9,305
3,PE,2020,9,45
3,ON,2020,9,10
3,MB,2020,9,10
3,SK,2020,9,5
3,AB,2020,9,85
3,BC,2020,9,480
3,YT,2020,9,70
3,NT,2020,9,40
3,NU,2020,9,160
3,PE,2021,9,15
3,ON,2021,9,20
3,MB,2021,9,15
3,AB,2021,9,215
3,BC,2021,9,555
3,YT,2021,9,85
3,NT,2021,9,80
3,NU,2021,9,325
3,PE,2022,9,30
3,PE,2015,10,25
3,NS,2015,10,40
3,NB,2015,10,15
3,ON,2015,10,25
3,MB,2015,10,10
3,AB,2015,10,125
3,BC,2015,10,575
3,YT,2015,10,90
3,NT,2015,10,105
3,NU,2015,10,395
3,PE,2016,10,25
3,ON,2016,10,15
3,MB,2016,10,5
3,SK,2016,10,10
3,AB,2016,10,135
3,BC,2016,10,695
3,YT,2016,10,80
3,NT,2016,10,55
3,NU,2016,10,230
3,PE,2017,10,40
3,ON,2017,10,20
3,MB,2017,10,10
3,AB,2017,10,155
3,BC,2017,10,510
3,YT,2017,10,60
3,NT,2017,10,80
3,NU,2017,10,255
3,PE,2018,10,35
3,ON,2018,10,25
3,MB,2018,10,15
3,AB,2018,10,200
3,BC,2018,10,655
3,YT,2018,10,60
3,NT,2018,10,95
3,NU,2018,10,280
3,PE,2019,10,60
3,ON,2019,10,20
3,MB,2019,10,5
3,AB,2019,10,135
3,BC,2019,10,560
3,YT,2019,10,105
3,NT,2019,10,100
3,NU,2019,10,280
3,PE,2020,10,50
3,ON,2020,10,5
3,MB,2020,10,5
3,AB,2020,10,125
3,BC,2020,10,465
3,YT,2020,10,45
3,NT,2020,10,45
3,NU,2020,10,150
3,PE,2021,10,30
3,ON,2021,10,20
3,MB,2021,10,10
3,SK,2021,10,5
3,AB,2021,10,265
3,BC,2021,10,750
3,YT,2021,10,110
3,NT,2021,10,80
3,NU,2021,10,365
3,PE,2022,10,55
3,NL,2015,11,15
3,NL,2016,11,20
3,NL,2017,11,15
3,NL,2018,11,30
3,NL,2019,11,35
3,NL,2020,11,25
3,NL,2021,11,40
3,PE,2015,11,30
3,NS,2015,11,45
3,MB,2015,11,760
3,AB,2015,11,105
3,BC,2015,11,5
3,NT,2015,11,15
3,NU,2015,11,185
3,PE,2016,11,5
3,NB,2016,11,5
3,MB,2016,11,665
3,AB,2016,11,135
3,BC,2016,11,15
3,NT,2016,11,25
3,NU,2016,11,195
3,MB,2017,11,675
3,AB,2017,11,95
3,NT,2017,11,20
3,NU,2017,11,130
3,PE,2018,11,10
3,MB,2018,11,720
3,AB,2018,11,155
3,BC,2018,11,10
3,YT,2018,11,5
3,NT,2018,11,35
3,NU,2018,11,220
3,NB,2019,11,5
3,MB,2019,11,870
3,AB,2019,11,110
3,BC,2019,11,10
3,NT,2019,11,50
3,NU,2019,11,205
3,PE,2020,11,10
3,MB,2020,11,345
3,AB,2020,11,60
3,BC,2020,11,5
3,NT,2020,11,20
3,NU,2020,11,105
3,NB,2021,11,5
3,ON,2021,11,5
3,MB,2021,11,830
3,AB,2021,11,120
3,YT,2021,11,5
3,NT,2021,11,35
3,NU,2021,11,270
3,PE,2022,11,10
3,NB,2022,12,15
3,ON,2022,12,155
3,MB,2022,12,15
3,SK,2022,12,45
3,AB,2022,12,125
3,BC,2022,12,55
3,YT,2022,12,1375
3,NT,2022,12,2165
3,NL,2015,12,655
3,NL,2016,12,855
3,NL,2017,12,980
3,NL,2018,12,345
3,NL,2019,12,185
3,NL,2020,12,25
3,MB,2015,12,935
3,AB,2015,12,125
3,BC,2015,12,5
3,NT,2015,12,15
3,NU,2015,12,210
3,PE,2016,12,5
3,MB,2016,12,735
3,AB,2016,12,90
3,NT,2016,12,15
3,NU,2016,12,125
3,PE,2017,12,5
3,MB,2017,12,765
3,AB,2017,12,125
3,BC,2017,12,5
3,YT,2017,12,5
3,NT,2017,12,40
3,NU,2017,12,210
3,PE,2018,12,10
3,MB,2018,12,765
3,AB,2018,12,90
3,BC,2018,12,5
3,YT,2018,12,5
3,NT,2018,12,40
3,NU,2018,12,210
3,MB,2019,12,350
3,AB,2019,12,40
3,BC,2019,12,5
3,NT,2019,12,5
3,NU,2019,12,95
3,NB,2020,12,5
3,MB,2020,12,910
3,AB,2020,12,140
3,BC,2020,12,5
3,YT,2020,12,5
3,NT,2020,12,35
3,NU,2020,12,215
3,PE,2021,12,15
4,PE,2015,1,5
4,NS,2015,1,15
4,NB,2015,1,25
4,QC,2015,1,205
4,ON,2015,1,675
4,MB,2015,1,45
4,SK,2015,1,50
4,AB,2015,1,175
4,BC,2015,1,240
4,PE,2016,1,15
4,NS,2016,1,45
4,NB,2016,1,55
4,QC,2016,1,495
4,ON,2016,1,860
4,MB,2016,1,85
4,SK,2016,1,75
4,AB,2016,1,345
4,BC,2016,1,390
4,NL,2017,1,5
4,PE,2017,1,25
4,NS,2017,1,20
4,NB,2017,1,25
4,QC,2017,1,295
4,ON,2017,1,700
4,MB,2017,1,90
4,SK,2017,1,110
4,AB,2017,1,420
4,BC,2017,1,405
4,NT,2017,1,5
4,NL,2018,1,5
4,PE,2018,1,5
4,NS,2018,1,15
4,NB,2018,1,20
4,QC,2018,1,185
4,ON,2018,1,645
4,MB,2018,1,60
4,SK,2018,1,80
4,AB,2018,1,275
4,BC,2018,1,300
4,NL,2019,1,15
4,PE,2019,1,25
4,NS,2019,1,40
4,NB,2019,1,10
4,QC,2019,1,365
4,ON,2019,1,660
4,MB,2019,1,65
4,SK,2019,1,75
4,AB,2019,1,225
4,BC,2019,1,235
4,NL,2020,1,5
4,PE,2020,1,35
4,NS,2020,1,35
4,NB,2020,1,50
4,QC,2020,1,375
4,ON,2020,1,790
4,MB,2020,1,60
4,SK,2020,1,85
4,AB,2020,1,235
4,BC,2020,1,365
4,PE,2021,1,15
4,NS,2021,1,20
4,NB,2021,1,15
4,QC,2021,1,265
4,ON,2021,1,950
4,MB,2021,1,75
4,SK,2021,1,70
4,AB,2021,1,230
4,BC,2021,1,240
4,PE,2022,1,15
4,NS,2022,1,55
4,NB,2022,1,45
4,QC,2022,1,390
4,ON,2022,1,1305
4,MB,2022,1,75
4,SK,2022,1,95
4,AB,2022,1,265
4,BC,2022,1,535
4,NL,2015,2,5
4,PE,2015,2,10
4,NS,2015,2,25
4,NB,2015,2,50
4,QC,2015,2,335
4,ON,2015,2,770
4,MB,2015,2,60
4,SK,2015,2,60
4,AB,2015,2,260
4,BC,2015,2,260
4,NL,2016,2,10
4,PE,2016,2,35
4,NS,2016,2,50
4,NB,2016,2,70
4,QC,2016,2,550
4,ON,2016,2,1030
4,MB,2016,2,105
4,SK,2016,2,130
4,AB,2016,2,410
4,BC,2016,2,365
4,NL,2017,2,15
4,PE,2017,2,25
4,NS,2017,2,15
4,NB,2017,2,25
4,QC,2017,2,345
4,ON,2017,2,740
4,MB,2017,2,90
4,SK,2017,2,105
4,AB,2017,2,380
4,BC,2017,2,315
4,NL,2018,2,15
4,PE,2018,2,20
4,NS,2018,2,25
4,NB,2018,2,40
4,QC,2018,2,335
4,ON,2018,2,600
4,MB,2018,2,50
4,SK,2018,2,105
4,AB,2018,2,260
4,BC,2018,2,290
4,NL,2019,2,10
4,PE,2019,2,15
4,NS,2019,2,20
4,NB,2019,2,15
4,QC,2019,2,305
4,ON,2019,2,735
4,MB,2019,2,75
4,SK,2019,2,90
4,AB,2019,2,225
4,BC,2019,2,225
4,NL,2020,2,15
4,PE,2020,2,20
4,NS,2020,2,20
4,NB,2020,2,35
4,QC,2020,2,240
4,ON,2020,2,820
4,MB,2020,2,60
4,SK,2020,2,90
4,AB,2020,2,260
4,BC,2020,2,350
4,YT,2020,2,5
4,NL,2021,2,5
4,PE,2021,2,10
4,NS,2021,2,25
4,NB,2021,2,20
4,QC,2021,2,260
4,ON,2021,2,825
4,MB,2021,2,65
4,SK,2021,2,45
4,AB,2021,2,140
4,BC,2021,2,225
4,NL,2022,2,20
4,PE,2022,2,20
4,NS,2022,2,55
4,NB,2022,2,50
4,QC,2022,2,525
4,ON,2022,2,1240
4,MB,2022,2,105
4,SK,2022,2,135
4,AB,2022,2,410
4,BC,2022,2,580
4,YT,2022,2,5
4,NL,2015,3,15
4,PE,2015,3,5
4,NS,2015,3,25
4,NB,2015,3,25
4,QC,2015,3,390
4,ON,2015,3,880
4,MB,2015,3,115
4,SK,2015,3,70
4,AB,2015,3,290
4,BC,2015,3,320
4,NT,2015,3,5
4,NL,2016,3,10
4,PE,2016,3,20
4,NS,2016,3,35
4,NB,2016,3,50
4,QC,2016,3,355
4,ON,2016,3,775
4,MB,2016,3,80
4,SK,2016,3,120
4,AB,2016,3,410
4,BC,2016,3,345
4,NL,2017,3,10
4,PE,2017,3,50
4,NS,2017,3,35
4,NB,2017,3,25
4,QC,2017,3,575
4,ON,2017,3,910
4,MB,2017,3,95
4,SK,2017,3,135
4,AB,2017,3,410
4,BC,2017,3,305
4,NT,2017,3,10
4,NL,2018,3,10
4,PE,2018,3,25
4,NS,2018,3,20
4,NB,2018,3,40
4,QC,2018,3,405
4,ON,2018,3,855
4,MB,2018,3,80
4,SK,2018,3,80
4,AB,2018,3,360
4,BC,2018,3,335
4,NL,2019,3,10
4,PE,2019,3,25
4,NS,2019,3,40
4,NB,2019,3,45
4,QC,2019,3,355
4,ON,2019,3,790
4,MB,2019,3,80
4,SK,2019,3,95
4,AB,2019,3,280
4,BC,2019,3,240
4,NL,2020,3,10
4,PE,2020,3,10
4,NS,2020,3,25
4,NB,2020,3,25
4,QC,2020,3,180
4,ON,2020,3,625
4,MB,2020,3,40
4,SK,2020,3,65
4,AB,2020,3,220
4,BC,2020,3,215
4,NL,2021,3,10
4,PE,2021,3,5
4,NS,2021,3,25
4,NB,2021,3,15
4,QC,2021,3,305
4,ON,2021,3,700
4,MB,2021,3,50
4,SK,2021,3,40
4,AB,2021,3,140
4,BC,2021,3,205
4,NL,2022,3,10
4,PE,2022,3,10
4,NS,2022,3,75
4,NB,2022,3,55
4,QC,2022,3,565
4,ON,2022,3,1480
4,MB,2022,3,125
4,SK,2022,3,150
4,AB,2022,3,425
4,BC,2022,3,605
4,YT,2022,3,10
4,NL,2015,4,10
4,PE,2015,4,20
4,NS,2015,4,15
4,NB,2015,4,25
4,QC,2015,4,325
4,ON,2015,4,720
4,MB,2015,4,90
4,SK,2015,4,75
4,AB,2015,4,280
4,BC,2015,4,285
4,NL,2016,4,5
4,PE,2016,4,30
4,NS,2016,4,25
4,NB,2016,4,25
4,QC,2016,4,365
4,ON,2016,4,830
4,MB,2016,4,105
4,SK,2016,4,120
4,AB,2016,4,405
4,BC,2016,4,365
4,NL,2017,4,10
4,PE,2017,4,35
4,NS,2017,4,20
4,NB,2017,4,20
4,QC,2017,4,460
4,ON,2017,4,890
4,MB,2017,4,95
4,SK,2017,4,130
4,AB,2017,4,420
4,BC,2017,4,335
4,NL,2018,4,5
4,PE,2018,4,15
4,NS,2018,4,30
4,NB,2018,4,25
4,QC,2018,4,355
4,ON,2018,4,775
4,MB,2018,4,85
4,SK,2018,4,80
4,AB,2018,4,280
4,BC,2018,4,325
4,NL,2019,4,15
4,PE,2019,4,35
4,NS,2019,4,30
4,NB,2019,4,40
4,QC,2019,4,345
4,ON,2019,4,855
4,MB,2019,4,80
4,SK,2019,4,105
4,AB,2019,4,305
4,BC,2019,4,295
4,NB,2020,4,5
4,QC,2020,4,15
4,ON,2020,4,130
4,MB,2020,4,15
4,SK,2020,4,20
4,AB,2020,4,50
4,BC,2020,4,20
4,PE,2021,4,10
4,NS,2021,4,15
4,NB,2021,4,30
4,QC,2021,4,285
4,ON,2021,4,765
4,MB,2021,4,60
4,SK,2021,4,50
4,AB,2021,4,155
4,BC,2021,4,235
4,NL,2022,4,15
4,PE,2022,4,15
4,NS,2022,4,60
4,NB,2022,4,60
4,QC,2022,4,530
4,ON,2022,4,1275
4,MB,2022,4,80
4,SK,2022,4,145
4,AB,2022,4,400
4,BC,2022,4,490
4,PE,2015,5,15
4,NS,2015,5,20
4,NB,2015,5,20
4,QC,2015,5,315
4,ON,2015,5,910
4,MB,2015,5,90
4,SK,2015,5,85
4,AB,2015,5,320
4,BC,2015,5,280
4,NL,2016,5,20
4,PE,2016,5,25
4,NS,2016,5,30
4,NB,2016,5,35
4,QC,2016,5,385
4,ON,2016,5,895
4,MB,2016,5,130
4,SK,2016,5,125
4,AB,2016,5,450
4,BC,2016,5,375
4,NL,2017,5,15
4,PE,2017,5,15
4,NS,2017,5,25
4,NB,2017,5,30
4,QC,2017,5,420
4,ON,2017,5,920
4,MB,2017,5,95
4,SK,2017,5,120
4,AB,2017,5,385
4,BC,2017,5,380
4,NL,2018,5,15
4,PE,2018,5,30
4,NS,2018,5,40
4,NB,2018,5,25
4,QC,2018,5,400
4,ON,2018,5,830
4,MB,2018,5,100
4,SK,2018,5,100
4,AB,2018,5,330
4,BC,2018,5,285
4,NL,2019,5,10
4,PE,2019,5,25
4,NS,2019,5,70
4,NB,2019,5,35
4,QC,2019,5,360
4,ON,2019,5,1115
4,MB,2019,5,125
4,SK,2019,5,95
4,AB,2019,5,405
4,BC,2019,5,445
4,NL,2020,5,10
4,PE,2020,5,5
4,NS,2020,5,30
4,NB,2020,5,10
4,QC,2020,5,145
4,ON,2020,5,390
4,MB,2020,5,35
4,SK,2020,5,35
4,AB,2020,5,130
4,BC,2020,5,125
4,NL,2021,5,10
4,PE,2021,5,5
4,NS,2021,5,20
4,NB,2021,5,20
4,QC,2021,5,215
4,ON,2021,5,700
4,MB,2021,5,30
4,SK,2021,5,25
4,AB,2021,5,125
4,BC,2021,5,160
4,YT,2021,5,5
4,NL,2022,5,20
4,PE,2022,5,20
4,NS,2022,5,75
4,NB,2022,5,50
4,QC,2022,5,675
4,ON,2022,5,1245
4,MB,2022,5,105
4,SK,2022,5,150
4,AB,2022,5,370
4,BC,2022,5,485
4,NL,2015,6,5
4,PE,2015,6,15
4,NS,2015,6,25
4,NB,2015,6,35
4,QC,2015,6,520
4,ON,2015,6,985
4,MB,2015,6,130
4,SK,2015,6,95
4,AB,2015,6,350
4,BC,2015,6,430
4,NL,2016,6,5
4,PE,2016,6,60
4,NS,2016,6,35
4,NB,2016,6,60
4,QC,2016,6,470
4,ON,2016,6,975
4,MB,2016,6,105
4,SK,2016,6,140
4,AB,2016,6,435
4,BC,2016,6,430
4,NL,2017,6,10
4,PE,2017,6,20
4,NS,2017,6,30
4,NB,2017,6,35
4,QC,2017,6,555
4,ON,2017,6,915
4,MB,2017,6,115
4,SK,2017,6,100
4,AB,2017,6,395
4,BC,2017,6,350
4,NL,2018,6,5
4,PE,2018,6,30
4,NS,2018,6,30
4,NB,2018,6,20
4,QC,2018,6,520
4,ON,2018,6,960
4,MB,2018,6,90
4,SK,2018,6,105
4,AB,2018,6,290
4,BC,2018,6,340
4,NL,2019,6,10
4,PE,2019,6,20
4,NS,2019,6,40
4,NB,2019,6,40
4,QC,2019,6,375
4,ON,2019,6,1095
4,MB,2019,6,125
4,SK,2019,6,90
4,AB,2019,6,350
4,BC,2019,6,395
4,NL,2020,6,10
4,PE,2020,6,5
4,NS,2020,6,25
4,NB,2020,6,35
4,QC,2020,6,180
4,ON,2020,6,345
4,MB,2020,6,40
4,SK,2020,6,40
4,AB,2020,6,110
4,BC,2020,6,220
4,NL,2021,6,5
4,PE,2021,6,10
4,NS,2021,6,35
4,NB,2021,6,25
4,QC,2021,6,330
4,ON,2021,6,1055
4,MB,2021,6,60
4,SK,2021,6,60
4,AB,2021,6,215
4,BC,2021,6,360
4,NL,2022,6,10
4,PE,2022,6,30
4,NS,2022,6,95
4,NB,2022,6,65
4,QC,2022,6,835
4,ON,2022,6,1430
4,MB,2022,6,160
4,SK,2022,6,185
4,AB,2022,6,425
4,BC,2022,6,555
4,PE,2015,7,20
4,NS,2015,7,15
4,NB,2015,7,40
4,QC,2015,7,520
4,ON,2015,7,890
4,MB,2015,7,110
4,SK,2015,7,90
4,AB,2015,7,355
4,BC,2015,7,415
4,NL,2016,7,5
4,PE,2016,7,50
4,NS,2016,7,40
4,NB,2016,7,65
4,QC,2016,7,550
4,ON,2016,7,845
4,MB,2016,7,125
4,SK,2016,7,120
4,AB,2016,7,290
4,BC,2016,7,300
4,NL,2017,7,15
4,PE,2017,7,45
4,NS,2017,7,20
4,NB,2017,7,40
4,QC,2017,7,535
4,ON,2017,7,975
4,MB,2017,7,95
4,SK,2017,7,110
4,AB,2017,7,310
4,BC,2017,7,310
4,NL,2018,7,15
4,PE,2018,7,35
4,NS,2018,7,25
4,NB,2018,7,50
4,QC,2018,7,425
4,ON,2018,7,860
4,MB,2018,7,80
4,SK,2018,7,105
4,AB,2018,7,320
4,BC,2018,7,315
4,NL,2019,7,20
4,PE,2019,7,45
4,NS,2019,7,70
4,NB,2019,7,60
4,QC,2019,7,435
4,ON,2019,7,1075
4,MB,2019,7,130
4,SK,2019,7,95
4,AB,2019,7,315
4,BC,2019,7,450
4,PE,2020,7,15
4,NS,2020,7,20
4,NB,2020,7,25
4,QC,2020,7,230
4,ON,2020,7,415
4,MB,2020,7,50
4,SK,2020,7,45
4,AB,2020,7,125
4,BC,2020,7,130
4,NL,2021,7,10
4,PE,2021,7,25
4,NS,2021,7,50
4,NB,2021,7,45
4,QC,2021,7,520
4,ON,2021,7,1075
4,MB,2021,7,105
4,SK,2021,7,65
4,AB,2021,7,255
4,BC,2021,7,430
4,NL,2022,7,25
4,PE,2022,7,25
4,NS,2022,7,135
4,NB,2022,7,95
4,QC,2022,7,1095
4,ON,2022,7,1430
4,MB,2022,7,145
4,SK,2022,7,215
4,AB,2022,7,355
4,BC,2022,7,530
4,YT,2022,7,5
4,NL,2015,8,10
4,PE,2015,8,25
4,NS,2015,8,35
4,NB,2015,8,40
4,QC,2015,8,460
4,ON,2015,8,825
4,MB,2015,8,70
4,SK,2015,8,85
4,AB,2015,8,325
4,BC,2015,8,365
4,NL,2016,8,15
4,PE,2016,8,40
4,NS,2016,8,15
4,NB,2016,8,40
4,QC,2016,8,565
4,ON,2016,8,670
4,MB,2016,8,110
4,SK,2016,8,95
4,AB,2016,8,260
4,BC,2016,8,265
4,NL,2017,8,5
4,PE,2017,8,40
4,NS,2017,8,20
4,NB,2017,8,50
4,QC,2017,8,485
4,ON,2017,8,770
4,MB,2017,8,100
4,SK,2017,8,150
4,AB,2017,8,280
4,BC,2017,8,270
4,PE,2018,8,40
4,NS,2018,8,15
4,NB,2018,8,40
4,QC,2018,8,595
4,ON,2018,8,735
4,MB,2018,8,125
4,SK,2018,8,140
4,AB,2018,8,265
4,BC,2018,8,330
4,NL,2019,8,10
4,PE,2019,8,40
4,NS,2019,8,50
4,NB,2019,8,60
4,QC,2019,8,305
4,ON,2019,8,850
4,MB,2019,8,140
4,SK,2019,8,125
4,AB,2019,8,270
4,BC,2019,8,425
4,PE,2020,8,15
4,NS,2020,8,20
4,NB,2020,8,20
4,QC,2020,8,190
4,ON,2020,8,405
4,MB,2020,8,40
4,SK,2020,8,25
4,AB,2020,8,105
4,BC,2020,8,135
4,NL,2021,8,10
4,PE,2021,8,15
4,NS,2021,8,65
4,NB,2021,8,45
4,QC,2021,8,500
4,ON,2021,8,1000
4,MB,2021,8,65
4,SK,2021,8,60
4,AB,2021,8,225
4,BC,2021,8,435
4,NL,2015,9,30
4,PE,2015,9,45
4,NS,2015,9,45
4,NB,2015,9,45
4,QC,2015,9,5
4,AB,2015,9,20
4,BC,2015,9,130
4,YT,2015,9,25
4,NT,2015,9,20
4,NU,2015,9,165
4,NL,2016,9,540
4,PE,2016,9,5
4,QC,2016,9,10
4,AB,2016,9,20
4,BC,2016,9,130
4,YT,2016,9,45
4,NT,2016,9,10
4,NU,2016,9,150
4,NL,2017,9,365
4,PE,2017,9,5
4,QC,2017,9,15
4,AB,2017,9,30
4,BC,2017,9,160
4,YT,2017,9,35
4,NT,2017,9,25
4,NU,2017,9,160
4,NL,2018,9,380
4,QC,2018,9,5
4,AB,2018,9,35
4,BC,2018,9,130
4,YT,2018,9,35
4,NT,2018,9,20
4,NU,2018,9,245
4,NL,2019,9,535
4,QC,2019,9,15
4,AB,2019,9,20
4,BC,2019,9,130
4,YT,2019,9,55
4,NT,2019,9,30
4,NU,2019,9,245
4,NL,2020,9,720
4,AB,2020,9,15
4,BC,2020,9,105
4,YT,2020,9,35
4,NT,2020,9,25
4,NU,2020,9,165
4,NL,2021,9,270
4,QC,2021,9,10
4,ON,2021,9,5
4,MB,2021,9,5
4,AB,2021,9,30
4,BC,2021,9,110
4,YT,2021,9,40
4,NT,2021,9,25
4,NU,2021,9,150
4,NL,2022,9,895
4,NL,2015,10,15
4,PE,2015,10,75
4,NS,2015,10,50
4,NB,2015,10,20
4,QC,2015,10,10
4,AB,2015,10,20
4,BC,2015,10,135
4,YT,2015,10,20
4,NT,2015,10,5
4,NU,2015,10,155
4,NL,2016,10,480
4,NS,2016,10,5
4,AB,2016,10,20
4,BC,2016,10,150
4,YT,2016,10,30
4,NT,2016,10,25
4,NU,2016,10,170
4,NL,2017,10,300
4,QC,2017,10,5
4,AB,2017,10,35
4,BC,2017,10,145
4,YT,2017,10,20
4,NT,2017,10,20
4,NU,2017,10,160
4,NL,2018,10,335
4,QC,2018,10,15
4,AB,2018,10,30
4,BC,2018,10,150
4,YT,2018,10,45
4,NT,2018,10,45
4,NU,2018,10,305
4,NL,2019,10,435
4,QC,2019,10,15
4,AB,2019,10,20
4,BC,2019,10,135
4,YT,2019,10,40
4,NT,2019,10,45
4,NU,2019,10,235
4,NL,2020,10,575
4,AB,2020,10,15
4,BC,2020,10,85
4,YT,2020,10,25
4,NT,2020,10,30
4,NU,2020,10,150
4,NL,2021,10,240
4,NS,2021,10,5
4,QC,2021,10,10
4,AB,2021,10,40
4,BC,2021,10,155
4,YT,2021,10,45
4,NT,2021,10,45
4,NU,2021,10,220
4,NL,2022,10,830
4,PE,2022,10,10
4,NS,2022,10,5
4,NL,2015,11,25
4,PE,2015,11,105
4,NS,2015,11,65
4,ON,2015,11,40
4,MB,2015,11,960
4,SK,2015,11,1355
4,BC,2015,11,220
4,YT,2015,11,810
4,NU,2015,11,30
4,NL,2016,11,5
4,PE,2016,11,5
4,ON,2016,11,55
4,MB,2016,11,705
4,SK,2016,11,1205
4,BC,2016,11,240
4,YT,2016,11,485
4,NU,2016,11,45
4,NL,2017,11,10
4,ON,2017,11,45
4,MB,2017,11,890
4,SK,2017,11,1455
4,BC,2017,11,195
4,YT,2017,11,395
4,NU,2017,11,35
4,NL,2018,11,10
4,PE,2018,11,10
4,ON,2018,11,80
4,MB,2018,11,905
4,SK,2018,11,1610
4,BC,2018,11,190
4,YT,2018,11,505
4,NU,2018,11,40
4,PE,2019,11,10
4,ON,2019,11,110
4,MB,2019,11,845
4,SK,2019,11,1670
4,BC,2019,11,310
4,YT,2019,11,560
4,NU,2019,11,45
4,NL,2020,11,20
4,PE,2020,11,5
4,ON,2020,11,60
4,MB,2020,11,720
4,SK,2020,11,955
4,BC,2020,11,90
4,YT,2020,11,330
4,NU,2020,11,20
4,ON,2021,11,120
4,MB,2021,11,1410
4,SK,2021,11,2985
4,BC,2021,11,265
4,YT,2021,11,715
4,NU,2021,11,40
4,NL,2022,11,15
4,PE,2022,11,10
4,NB,2022,12,15
4,QC,2022,12,35
4,MB,2022,12,105
4,SK,2022,12,20
4,AB,2022,12,75
4,BC,2022,12,85
4,YT,2022,12,1660
4,NT,2022,12,2700
4,NU,2022,12,315
4,PE,2015,12,5
4,ON,2015,12,70
4,MB,2015,12,905
4,SK,2015,12,1480
4,BC,2015,12,255
4,YT,2015,12,665
4,NU,2015,12,45
4,NL,2016,12,15
4,PE,2016,12,5
4,ON,2016,12,70
4,MB,2016,12,810
4,SK,2016,12,1785
4,BC,2016,12,195
4,YT,2016,12,470
4,NU,2016,12,25
4,NL,2017,12,5
4,PE,2017,12,5
4,ON,2017,12,65
4,MB,2017,12,880
4,SK,2017,12,1555
4,BC,2017,12,190
4,YT,2017,12,430
4,NU,2017,12,25
4,NL,2018,12,5
4,ON,2018,12,95
4,MB,2018,12,750
4,SK,2018,12,1430
4,BC,2018,12,215
4,YT,2018,12,450
4,NU,2018,12,50
4,NL,2019,12,15
4,ON,2019,12,50
4,MB,2019,12,625
4,SK,2019,12,780
4,BC,2019,12,95
4,YT,2019,12,270
4,NU,2019,12,15
4,ON,2020,12,140
4,MB,2020,12,1680
4,SK,2020,12,2945
4,BC,2020,12,275
4,YT,2020,12,820
4,NU,2020,12,30
4,NL,2021,12,20
4,PE,2021,12,10
5,QC,2015,1,55
5,ON,2015,1,260
5,MB,2015,1,5
5,SK,2015,1,15
5,AB,2015,1,75
5,BC,2015,1,95
5,QC,2016,1,170
5,ON,2016,1,370
5,MB,2016,1,15
5,SK,2016,1,10
5,AB,2016,1,130
5,BC,2016,1,125
5,QC,2017,1,90
5,ON,2017,1,430
5,MB,2017,1,15
5,SK,2017,1,15
5,AB,2017,1,130
5,BC,2017,1,140
5,QC,2018,1,65
5,ON,2018,1,375
5,MB,2018,1,15
5,SK,2018,1,25
5,AB,2018,1,110
5,BC,2018,1,140
5,NS,2019,1,5
5,NB,2019,1,5
5,QC,2019,1,110
5,ON,2019,1,460
5,MB,2019,1,30
5,SK,2019,1,40
5,AB,2019,1,210
5,BC,2019,1,165
5,NS,2020,1,15
5,QC,2020,1,95
5,ON,2020,1,535
5,MB,2020,1,35
5,SK,2020,1,30
5,AB,2020,1,150
5,BC,2020,1,175
5,QC,2021,1,75
5,ON,2021,1,420
5,MB,2021,1,20
5,SK,2021,1,30
5,AB,2021,1,95
5,BC,2021,1,95
5,NS,2022,1,10
5,QC,2022,1,105
5,ON,2022,1,585
5,MB,2022,1,35
5,SK,2022,1,40
5,AB,2022,1,175
5,BC,2022,1,225
5,NS,2015,2,5
5,QC,2015,2,60
5,ON,2015,2,325
5,MB,2015,2,15
5,SK,2015,2,10
5,AB,2015,2,70
5,BC,2015,2,100
5,NS,2016,2,10
5,NB,2016,2,20
5,QC,2016,2,165
5,ON,2016,2,560
5,MB,2016,2,20
5,SK,2016,2,25
5,AB,2016,2,130
5,BC,2016,2,180
5,NS,2017,2,5
5,NB,2017,2,10
5,QC,2017,2,155
5,ON,2017,2,625
5,MB,2017,2,30
5,SK,2017,2,20
5,AB,2017,2,205
5,BC,2017,2,185
5,NS,2018,2,5
5,NB,2018,2,5
5,QC,2018,2,105
5,ON,2018,2,465
5,MB,2018,2,25
5,SK,2018,2,25
5,AB,2018,2,145
5,BC,2018,2,145
5,NS,2019,2,10
5,QC,2019,2,125
5,ON,2019,2,535
5,MB,2019,2,20
5,SK,2019,2,40
5,AB,2019,2,220
5,BC,2019,2,205
5,NL,2020,2,5
5,NS,2020,2,10
5,QC,2020,2,105
5,ON,2020,2,640
5,MB,2020,2,35
5,SK,2020,2,50
5,AB,2020,2,245
5,BC,2020,2,225
5,NS,2021,2,10
5,QC,2021,2,105
5,ON,2021,2,440
5,MB,2021,2,25
5,SK,2021,2,30
5,AB,2021,2,135
5,BC,2021,2,105
5,NS,2022,2,10
5,QC,2022,2,155
5,ON,2022,2,685
5,MB,2022,2,45
5,SK,2022,2,45
5,AB,2022,2,305
5,BC,2022,2,265
5,NS,2015,3,5
5,QC,2015,3,120
5,ON,2015,3,340
5,MB,2015,3,20
5,SK,2015,3,10
5,AB,2015,3,90
5,BC,2015,3,120
5,NS,2016,3,5
5,QC,2016,3,135
5,ON,2016,3,555
5,MB,2016,3,25
5,SK,2016,3,20
5,AB,2016,3,145
5,BC,2016,3,160
5,NS,2017,3,15
5,QC,2017,3,235
5,ON,2017,3,845
5,MB,2017,3,30
5,SK,2017,3,30
5,AB,2017,3,285
5,BC,2017,3,265
5,NL,2018,3,5
5,NS,2018,3,10
5,QC,2018,3,135
5,ON,2018,3,580
5,MB,2018,3,35
5,SK,2018,3,25
5,AB,2018,3,210
5,BC,2018,3,220
5,NL,2019,3,5
5,NS,2019,3,10
5,QC,2019,3,200
5,ON,2019,3,790
5,MB,2019,3,70
5,SK,2019,3,60
5,AB,2019,3,340
5,BC,2019,3,260
5,NL,2020,3,5
5,NS,2020,3,5
5,QC,2020,3,55
5,ON,2020,3,470
5,MB,2020,3,25
5,SK,2020,3,30
5,AB,2020,3,190
5,BC,2020,3,170
5,NS,2021,3,10
5,QC,2021,3,105
5,ON,2021,3,320
5,MB,2021,3,15
5,SK,2021,3,20
5,AB,2021,3,105
5,BC,2021,3,95
5,NL,2022,3,5
5,NS,2022,3,10
5,NB,2022,3,10
5,QC,2022,3,240
5,ON,2022,3,925
5,MB,2022,3,65
5,SK,2022,3,55
5,AB,2022,3,295
5,BC,2022,3,355
5,NS,2015,4,5
5,QC,2015,4,80
5,ON,2015,4,380
5,MB,2015,4,20
5,SK,2015,4,20
5,AB,2015,4,80
5,BC,2015,4,125
5,QC,2016,4,160
5,ON,2016,4,625
5,MB,2016,4,30
5,SK,2016,4,15
5,AB,2016,4,170
5,BC,2016,4,195
5,PE,2017,4,5
5,NS,2017,4,15
5,QC,2017,4,235
5,ON,2017,4,905
5,MB,2017,4,40
5,SK,2017,4,35
5,AB,2017,4,295
5,BC,2017,4,275
5,NS,2018,4,10
5,QC,2018,4,125
5,ON,2018,4,600
5,MB,2018,4,40
5,SK,2018,4,35
5,AB,2018,4,230
5,BC,2018,4,230
5,NL,2019,4,5
5,NS,2019,4,15
5,NB,2019,4,10
5,QC,2019,4,220
5,ON,2019,4,775
5,MB,2019,4,45
5,SK,2019,4,55
5,AB,2019,4,360
5,BC,2019,4,285
5,QC,2020,4,10
5,ON,2020,4,90
5,SK,2020,4,5
5,AB,2020,4,25
5,BC,2020,4,25
5,QC,2021,4,85
5,ON,2021,4,395
5,MB,2021,4,30
5,SK,2021,4,30
5,AB,2021,4,75
5,BC,2021,4,110
5,NS,2022,4,15
5,NB,2022,4,10
5,QC,2022,4,225
5,ON,2022,4,940
5,MB,2022,4,60
5,SK,2022,4,55
5,AB,2022,4,345
5,BC,2022,4,330
5,QC,2015,5,135
5,ON,2015,5,485
5,MB,2015,5,20
5,SK,2015,5,20
5,AB,2015,5,100
5,BC,2015,5,160
5,NS,2016,5,5
5,QC,2016,5,155
5,ON,2016,5,650
5,MB,2016,5,35
5,SK,2016,5,15
5,AB,2016,5,175
5,BC,2016,5,215
5,NS,2017,5,15
5,NB,2017,5,5
5,QC,2017,5,245
5,ON,2017,5,985
5,MB,2017,5,50
5,SK,2017,5,40
5,AB,2017,5,320
5,BC,2017,5,325
5,NS,2018,5,15
5,QC,2018,5,190
5,ON,2018,5,705
5,MB,2018,5,35
5,SK,2018,5,35
5,AB,2018,5,260
5,BC,2018,5,245
5,NL,2019,5,10
5,NS,2019,5,25
5,NB,2019,5,10
5,QC,2019,5,280
5,ON,2019,5,1125
5,MB,2019,5,110
5,SK,2019,5,100
5,AB,2019,5,510
5,BC,2019,5,365
5,QC,2020,5,45
5,ON,2020,5,145
5,MB,2020,5,10
5,SK,2020,5,10
5,AB,2020,5,55
5,BC,2020,5,45
5,NS,2021,5,5
5,QC,2021,5,115
5,ON,2021,5,360
5,MB,2021,5,20
5,SK,2021,5,15
5,AB,2021,5,75
5,BC,2021,5,105
5,NS,2022,5,15
5,NB,2022,5,10
5,QC,2022,5,280
5,ON,2022,5,1340
5,MB,2022,5,85
5,SK,2022,5,85
5,AB,2022,5,385
5,BC,2022,5,375
5,NS,2015,6,10
5,NB,2015,6,5
5,QC,2015,6,135
5,ON,2015,6,515
5,MB,2015,6,25
5,SK,2015,6,15
5,AB,2015,6,115
5,BC,2015,6,160
5,NL,2016,6,5
5,NS,2016,6,5
5,QC,2016,6,135
5,ON,2016,6,650
5,MB,2016,6,35
5,SK,2016,6,10
5,AB,2016,6,185
5,BC,2016,6,225
5,NL,2017,6,5
5,PE,2017,6,5
5,NS,2017,6,15
5,NB,2017,6,10
5,QC,2017,6,275
5,ON,2017,6,1125
5,MB,2017,6,70
5,SK,2017,6,40
5,AB,2017,6,310
5,BC,2017,6,305
5,NL,2018,6,5
5,NS,2018,6,15
5,QC,2018,6,205
5,ON,2018,6,765
5,MB,2018,6,40
5,SK,2018,6,30
5,AB,2018,6,245
5,BC,2018,6,290
5,NL,2019,6,5
5,NS,2019,6,15
5,NB,2019,6,5
5,QC,2019,6,225
5,ON,2019,6,840
5,MB,2019,6,55
5,SK,2019,6,65
5,AB,2019,6,390
5,BC,2019,6,315
5,NS,2020,6,5
5,QC,2020,6,45
5,ON,2020,6,275
5,MB,2020,6,20
5,SK,2020,6,15
5,AB,2020,6,100
5,BC,2020,6,120
5,QC,2021,6,140
5,ON,2021,6,355
5,MB,2021,6,20
5,SK,2021,6,10
5,AB,2021,6,85
5,BC,2021,6,135
5,PE,2022,6,5
5,NS,2022,6,15
5,NB,2022,6,10
5,QC,2022,6,295
5,ON,2022,6,1445
5,MB,2022,6,70
5,SK,2022,6,85
5,AB,2022,6,455
5,BC,2022,6,385
5,QC,2015,7,105
5,ON,2015,7,440
5,MB,2015,7,25
5,SK,2015,7,15
5,AB,2015,7,110
5,BC,2015,7,170
5,NL,2016,7,5
5,NS,2016,7,5
5,QC,2016,7,130
5,ON,2016,7,545
5,MB,2016,7,30
5,SK,2016,7,25
5,AB,2016,7,155
5,BC,2016,7,170
5,NS,2017,7,15
5,NB,2017,7,5
5,QC,2017,7,200
5,ON,2017,7,770
5,MB,2017,7,30
5,SK,2017,7,35
5,AB,2017,7,210
5,BC,2017,7,195
5,NL,2018,7,5
5,NS,2018,7,5
5,QC,2018,7,170
5,ON,2018,7,635
5,MB,2018,7,15
5,SK,2018,7,25
5,AB,2018,7,195
5,BC,2018,7,210
5,NL,2019,7,5
5,NS,2019,7,10
5,NB,2019,7,5
5,QC,2019,7,200
5,ON,2019,7,695
5,MB,2019,7,50
5,SK,2019,7,45
5,AB,2019,7,225
5,BC,2019,7,195
5,NS,2020,7,10
5,QC,2020,7,75
5,ON,2020,7,340
5,MB,2020,7,25
5,SK,2020,7,10
5,AB,2020,7,120
5,BC,2020,7,120
5,QC,2021,7,200
5,ON,2021,7,365
5,MB,2021,7,15
5,SK,2021,7,15
5,AB,2021,7,110
5,BC,2021,7,120
5,NL,2022,7,10
5,NS,2022,7,10
5,NB,2022,7,15
5,QC,2022,7,245
5,ON,2022,7,1185
5,MB,2022,7,55
5,SK,2022,7,90
5,AB,2022,7,310
5,BC,2022,7,380
5,YT,2022,7,5
5,NS,2015,8,10
5,QC,2015,8,85
5,ON,2015,8,375
5,MB,2015,8,30
5,SK,2015,8,15
5,AB,2015,8,90
5,BC,2015,8,135
5,QC,2016,8,95
5,ON,2016,8,480
5,MB,2016,8,25
5,SK,2016,8,10
5,AB,2016,8,125
5,BC,2016,8,160
5,NS,2017,8,10
5,NB,2017,8,5
5,QC,2017,8,160
5,ON,2017,8,580
5,MB,2017,8,30
5,SK,2017,8,20
5,AB,2017,8,190
5,BC,2017,8,190
5,QC,2018,8,130
5,ON,2018,8,485
5,MB,2018,8,30
5,SK,2018,8,25
5,AB,2018,8,200
5,BC,2018,8,165
5,NS,2019,8,10
5,NB,2019,8,10
5,QC,2019,8,115
5,ON,2019,8,500
5,MB,2019,8,30
5,SK,2019,8,40
5,AB,2019,8,175
5,BC,2019,8,165
5,QC,2020,8,65
5,ON,2020,8,320
5,MB,2020,8,20
5,SK,2020,8,20
5,AB,2020,8,130
5,BC,2020,8,105
5,NS,2021,8,5
5,QC,2021,8,135
5,ON,2021,8,345
5,MB,2021,8,10
5,SK,2021,8,20
5,AB,2021,8,110
5,BC,2021,8,140
5,NL,2015,9,20
5,NS,2015,9,15
5,NB,2015,9,40
5,MB,2015,9,70
5,SK,2015,9,935
5,NT,2015,9,5
5,NU,2015,9,20
5,NL,2016,9,1070
5,NS,2016,9,10
5,MB,2016,9,75
5,SK,2016,9,1020
5,NU,2016,9,20
5,NL,2017,9,710
5,NS,2017,9,5
5,MB,2017,9,80
5,SK,2017,9,910
5,NT,2017,9,5
5,NU,2017,9,35
5,NL,2018,9,1050
5,MB,2018,9,150
5,SK,2018,9,1255
5,YT,2018,9,5
5,NU,2018,9,50
5,NL,2019,9,1110
5,PE,2019,9,10
5,NS,2019,9,10
5,QC,2019,9,5
5,MB,2019,9,195
5,SK,2019,9,1125
5,YT,2019,9,10
5,NT,2019,9,10
5,NU,2019,9,35
5,NL,2020,9,1750
5,PE,2020,9,15
5,NS,2020,9,5
5,MB,2020,9,55
5,SK,2020,9,470
5,NT,2020,9,5
5,NU,2020,9,25
5,NL,2021,9,610
5,PE,2021,9,5
5,MB,2021,9,90
5,SK,2021,9,905
5,YT,2021,9,10
5,NT,2021,9,5
5,NU,2021,9,15
5,NL,2022,9,4080
5,PE,2022,9,30
5,NS,2022,9,20
5,NL,2015,10,10
5,NS,2015,10,30
5,NB,2015,10,45
5,MB,2015,10,60
5,SK,2015,10,840
5,NU,2015,10,25
5,NL,2016,10,955
5,PE,2016,10,10
5,MB,2016,10,65
5,SK,2016,10,760
5,YT,2016,10,10
5,NU,2016,10,25
5,NL,2017,10,620
5,NS,2017,10,10
5,MB,2017,10,95
5,SK,2017,10,670
5,YT,2017,10,5
5,NT,2017,10,5
5,NU,2017,10,40
5,NL,2018,10,1015
5,MB,2018,10,100
5,SK,2018,10,945
5,YT,2018,10,10
5,NT,2018,10,10
5,NU,2018,10,35
5,NL,2019,10,1230
5,PE,2019,10,10
5,NS,2019,10,20
5,MB,2019,10,145
5,SK,2019,10,1045
5,YT,2019,10,10
5,NT,2019,10,5
5,NU,2019,10,35
5,NL,2020,10,1560
5,PE,2020,10,15
5,NS,2020,10,5
5,QC,2020,10,5
5,MB,2020,10,35
5,SK,2020,10,440
5,NT,2020,10,5
5,NU,2020,10,25
5,NL,2021,10,630
5,PE,2021,10,5
5,NS,2021,10,5
5,QC,2021,10,5
5,MB,2021,10,115
5,SK,2021,10,995
5,YT,2021,10,5
5,NU,2021,10,40
5,NL,2022,10,3995
5,PE,2022,10,40
5,NS,2022,10,25
5,NL,2015,11,20
5,NS,2015,11,35
5,NB,2015,11,25
5,QC,2015,11,55
5,ON,2015,11,35
5,MB,2015,11,1400
5,SK,2015,11,2205
5,AB,2015,11,315
5,BC,2015,11,220
5,YT,2015,11,1020
5,NT,2015,11,335
5,NU,2015,11,5
5,NB,2016,11,35
5,QC,2016,11,100
5,ON,2016,11,45
5,MB,2016,11,1000
5,SK,2016,11,1870
5,AB,2016,11,255
5,BC,2016,11,220
5,YT,2016,11,745
5,NT,2016,11,315
5,NB,2017,11,20
5,QC,2017,11,60
5,ON,2017,11,35
5,MB,2017,11,1180
5,SK,2017,11,3340
5,AB,2017,11,220
5,BC,2017,11,165
5,YT,2017,11,830
5,NT,2017,11,315
5,NB,2018,11,25
5,QC,2018,11,105
5,ON,2018,11,80
5,MB,2018,11,1325
5,SK,2018,11,3545
5,AB,2018,11,235
5,BC,2018,11,225
5,YT,2018,11,1015
5,NT,2018,11,370
5,NB,2019,11,30
5,QC,2019,11,115
5,ON,2019,11,95
5,MB,2019,11,1530
5,SK,2019,11,3620
5,AB,2019,11,315
5,BC,2019,11,225
5,YT,2019,11,1060
5,NT,2019,11,540
5,NB,2020,11,10
5,QC,2020,11,55
5,ON,2020,11,40
5,MB,2020,11,970
5,SK,2020,11,2340
5,AB,2020,11,110
5,BC,2020,11,165
5,YT,2020,11,690
5,NT,2020,11,330
5,NB,2021,11,35
5,QC,2021,11,220
5,ON,2021,11,335
5,MB,2021,11,2005
5,SK,2021,11,11195
5,AB,2021,11,375
5,BC,2021,11,485
5,YT,2021,11,1760
5,NT,2021,11,850
5,NB,2022,12,20
5,QC,2022,12,15
5,ON,2022,12,60
5,SK,2022,12,35
5,AB,2022,12,115
5,BC,2022,12,25
5,YT,2022,12,585
5,NT,2022,12,3155
5,NU,2022,12,300
5,NB,2015,12,30
5,QC,2015,12,60
5,ON,2015,12,60
5,MB,2015,12,1220
5,SK,2015,12,2120
5,AB,2015,12,295
5,BC,2015,12,240
5,YT,2015,12,875
5,NT,2015,12,425
5,NU,2015,12,5
5,NB,2016,12,30
5,QC,2016,12,85
5,ON,2016,12,60
5,MB,2016,12,1350
5,SK,2016,12,4350
5,AB,2016,12,200
5,BC,2016,12,205
5,YT,2016,12,905
5,NT,2016,12,405
5,NB,2017,12,30
5,QC,2017,12,75
5,ON,2017,12,75
5,MB,2017,12,1080
5,SK,2017,12,3390
5,AB,2017,12,210
5,BC,2017,12,260
5,YT,2017,12,915
5,NT,2017,12,325
5,NB,2018,12,25
5,QC,2018,12,115
5,ON,2018,12,70
5,MB,2018,12,1245
5,SK,2018,12,2895
5,AB,2018,12,225
5,BC,2018,12,205
5,YT,2018,12,855
5,NT,2018,12,465
5,NL,2019,12,5
5,NB,2019,12,5
5,QC,2019,12,65
5,ON,2019,12,35
5,MB,2019,12,810
5,SK,2019,12,1515
5,AB,2019,12,95
5,BC,2019,12,120
5,YT,2019,12,485
5,NT,2019,12,230
5,NB,2020,12,35
5,QC,2020,12,235
5,ON,2020,12,310
5,MB,2020,12,2310
5,SK,2020,12,9130
5,AB,2020,12,395
5,BC,2020,12,420
5,YT,2020,12,1640
5,NT,2020,12,790
6,QC,2015,1,5
6,ON,2015,1,55
6,AB,2015,1,5
6,BC,2015,1,15
6,QC,2016,1,40
6,ON,2016,1,70
6,AB,2016,1,25
6,BC,2016,1,20
6,QC,2017,1,15
6,ON,2017,1,90
6,AB,2017,1,20
6,BC,2017,1,35
6,QC,2018,1,10
6,ON,2018,1,60
6,AB,2018,1,15
6,BC,2018,1,30
6,QC,2019,1,25
6,ON,2019,1,110
6,MB,2019,1,5
6,SK,2019,1,10
6,AB,2019,1,35
6,BC,2019,1,35
6,QC,2020,1,15
6,ON,2020,1,105
6,AB,2020,1,20
6,BC,2020,1,25
6,QC,2021,1,10
6,ON,2021,1,95
6,AB,2021,1,15
6,BC,2021,1,25
6,QC,2022,1,25
6,ON,2022,1,90
6,AB,2022,1,20
6,BC,2022,1,35
6,QC,2015,2,15
6,ON,2015,2,80
6,AB,2015,2,10
6,BC,2015,2,15
6,QC,2016,2,35
6,ON,2016,2,125
6,MB,2016,2,5
6,AB,2016,2,20
6,BC,2016,2,30
6,QC,2017,2,25
6,ON,2017,2,130
6,MB,2017,2,5
6,SK,2017,2,5
6,AB,2017,2,20
6,BC,2017,2,40
6,QC,2018,2,20
6,ON,2018,2,110
6,SK,2018,2,5
6,AB,2018,2,25
6,BC,2018,2,40
6,QC,2019,2,25
6,ON,2019,2,115
6,SK,2019,2,5
6,AB,2019,2,40
6,BC,2019,2,45
6,QC,2020,2,10
6,ON,2020,2,105
6,MB,2020,2,10
6,AB,2020,2,30
6,BC,2020,2,40
6,QC,2021,2,15
6,ON,2021,2,85
6,AB,2021,2,20
6,BC,2021,2,25
6,QC,2022,2,35
6,ON,2022,2,125
6,MB,2022,2,5
6,AB,2022,2,35
6,BC,2022,2,35
6,QC,2015,3,25
6,ON,2015,3,80
6,MB,2015,3,5
6,AB,2015,3,10
6,BC,2015,3,25
6,QC,2016,3,35
6,ON,2016,3,100
6,MB,2016,3,10
6,AB,2016,3,20
6,BC,2016,3,30
6,QC,2017,3,35
6,ON,2017,3,190
6,MB,2017,3,10
6,AB,2017,3,45
6,BC,2017,3,50
6,QC,2018,3,55
6,ON,2018,3,105
6,MB,2018,3,5
6,AB,2018,3,25
6,BC,2018,3,35
6,NS,2019,3,5
6,QC,2019,3,35
6,ON,2019,3,185
6,MB,2019,3,10
6,SK,2019,3,5
6,AB,2019,3,60
6,BC,2019,3,55
6,QC,2020,3,15
6,ON,2020,3,90
6,AB,2020,3,35
6,BC,2020,3,25
6,QC,2021,3,15
6,ON,2021,3,65
6,AB,2021,3,25
6,BC,2021,3,10
6,NS,2022,3,5
6,QC,2022,3,45
6,ON,2022,3,170
6,MB,2022,3,15
6,SK,2022,3,5
6,AB,2022,3,75
6,BC,2022,3,65
6,QC,2015,4,25
6,ON,2015,4,95
6,AB,2015,4,15
6,BC,2015,4,25
6,QC,2016,4,30
6,ON,2016,4,160
6,AB,2016,4,30
6,BC,2016,4,30
6,QC,2017,4,40
6,ON,2017,4,210
6,MB,2017,4,5
6,AB,2017,4,50
6,BC,2017,4,65
6,QC,2018,4,30
6,ON,2018,4,150
6,MB,2018,4,5
6,AB,2018,4,45
6,BC,2018,4,65
6,NS,2019,4,5
6,QC,2019,4,55
6,ON,2019,4,200
6,SK,2019,4,10
6,AB,2019,4,55
6,BC,2019,4,80
6,ON,2020,4,20
6,MB,2020,4,5
6,QC,2021,4,20
6,ON,2021,4,65
6,MB,2021,4,5
6,AB,2021,4,15
6,BC,2021,4,15
6,QC,2022,4,35
6,ON,2022,4,200
6,MB,2022,4,15
6,SK,2022,4,5
6,AB,2022,4,50
6,BC,2022,4,50
6,QC,2015,5,20
6,ON,2015,5,100
6,MB,2015,5,5
6,AB,2015,5,30
6,BC,2015,5,30
6,QC,2016,5,30
6,ON,2016,5,165
6,MB,2016,5,5
6,AB,2016,5,25
6,BC,2016,5,40
6,QC,2017,5,40
6,ON,2017,5,280
6,MB,2017,5,5
6,AB,2017,5,75
6,BC,2017,5,65
6,QC,2018,5,35
6,ON,2018,5,180
6,MB,2018,5,5
6,AB,2018,5,50
6,BC,2018,5,65
6,QC,2019,5,60
6,ON,2019,5,320
6,MB,2019,5,10
6,SK,2019,5,5
6,AB,2019,5,95
6,BC,2019,5,85
6,QC,2020,5,10
6,ON,2020,5,40
6,AB,2020,5,5
6,BC,2020,5,10
6,QC,2021,5,15
6,ON,2021,5,80
6,AB,2021,5,20
6,BC,2021,5,15
6,QC,2022,5,40
6,ON,2022,5,265
6,MB,2022,5,15
6,SK,2022,5,10
6,AB,2022,5,85
6,BC,2022,5,65
6,QC,2015,6,20
6,ON,2015,6,100
6,MB,2015,6,5
6,AB,2015,6,15
6,BC,2015,6,25
6,NS,2016,6,5
6,QC,2016,6,20
6,ON,2016,6,145
6,MB,2016,6,5
6,AB,2016,6,35
6,BC,2016,6,45
6,QC,2017,6,50
6,ON,2017,6,300
6,MB,2017,6,10
6,SK,2017,6,10
6,AB,2017,6,75
6,BC,2017,6,85
6,QC,2018,6,35
6,ON,2018,6,175
6,MB,2018,6,10
6,AB,2018,6,50
6,BC,2018,6,50
6,QC,2019,6,30
6,ON,2019,6,185
6,MB,2019,6,15
6,SK,2019,6,5
6,AB,2019,6,50
6,BC,2019,6,65
6,QC,2020,6,10
6,ON,2020,6,60
6,MB,2020,6,5
6,AB,2020,6,10
6,BC,2020,6,15
6,QC,2021,6,15
6,ON,2021,6,95
6,MB,2021,6,5
6,AB,2021,6,15
6,BC,2021,6,20
6,QC,2022,6,55
6,ON,2022,6,295
6,MB,2022,6,15
6,SK,2022,6,10
6,AB,2022,6,85
6,BC,2022,6,90
6,QC,2015,7,15
6,ON,2015,7,110
6,MB,2015,7,5
6,AB,2015,7,15
6,BC,2015,7,20
6,QC,2016,7,25
6,ON,2016,7,115
6,SK,2016,7,5
6,AB,2016,7,20
6,BC,2016,7,30
6,QC,2017,7,50
6,ON,2017,7,210
6,AB,2017,7,40
6,BC,2017,7,45
6,QC,2018,7,25
6,ON,2018,7,145
6,MB,2018,7,5
6,SK,2018,7,5
6,AB,2018,7,35
6,BC,2018,7,30
6,QC,2019,7,45
6,ON,2019,7,185
6,MB,2019,7,5
6,AB,2019,7,35
6,BC,2019,7,30
6,QC,2020,7,10
6,ON,2020,7,60
6,MB,2020,7,5
6,AB,2020,7,20
6,BC,2020,7,20
6,QC,2021,7,25
6,ON,2021,7,75
6,AB,2021,7,25
6,BC,2021,7,15
6,QC,2022,7,45
6,ON,2022,7,215
6,MB,2022,7,15
6,SK,2022,7,5
6,AB,2022,7,80
6,BC,2022,7,65
6,QC,2015,8,20
6,ON,2015,8,85
6,SK,2015,8,5
6,AB,2015,8,10
6,BC,2015,8,30
6,QC,2016,8,25
6,ON,2016,8,110
6,AB,2016,8,20
6,BC,2016,8,40
6,QC,2017,8,35
6,ON,2017,8,140
6,AB,2017,8,30
6,BC,2017,8,35
6,QC,2018,8,25
6,ON,2018,8,115
6,MB,2018,8,5
6,AB,2018,8,35
6,BC,2018,8,25
6,QC,2019,8,25
6,ON,2019,8,90
6,MB,2019,8,5
6,AB,2019,8,30
6,BC,2019,8,35
6,QC,2020,8,10
6,ON,2020,8,60
6,SK,2020,8,5
6,AB,2020,8,20
6,BC,2020,8,20
6,QC,2021,8,25
6,ON,2021,8,55
6,AB,2021,8,15
6,BC,2021,8,25
6,NL,2015,9,25
6,PE,2015,9,20
6,NS,2015,9,75
6,NB,2015,9,90
6,ON,2015,9,100
6,MB,2015,9,45
6,SK,2015,9,1190
6,AB,2015,9,1900
6,BC,2015,9,350
6,YT,2015,9,310
6,NT,2015,9,960
6,NL,2016,9,1425
6,PE,2016,9,15
6,NS,2016,9,10
6,ON,2016,9,85
6,MB,2016,9,50
6,SK,2016,9,980
6,AB,2016,9,1680
6,BC,2016,9,340
6,YT,2016,9,300
6,NT,2016,9,600
6,NL,2017,9,795
6,PE,2017,9,5
6,ON,2017,9,115
6,MB,2017,9,65
6,SK,2017,9,910
6,AB,2017,9,1540
6,BC,2017,9,370
6,YT,2017,9,395
6,NT,2017,9,565
6,NL,2018,9,1020
6,PE,2018,9,10
6,ON,2018,9,165
6,MB,2018,9,100
6,SK,2018,9,1285
6,AB,2018,9,2085
6,BC,2018,9,405
6,YT,2018,9,450
6,NT,2018,9,720
6,NL,2019,9,1355
6,PE,2019,9,5
6,ON,2019,9,205
6,MB,2019,9,130
6,SK,2019,9,955
6,AB,2019,9,2655
6,BC,2019,9,485
6,YT,2019,9,610
6,NT,2019,9,835
6,NL,2020,9,2070
6,PE,2020,9,15
6,NS,2020,9,10
6,ON,2020,9,70
6,MB,2020,9,45
6,SK,2020,9,600
6,AB,2020,9,945
6,BC,2020,9,160
6,YT,2020,9,120
6,NT,2020,9,290
6,NL,2021,9,800
6,PE,2021,9,5
6,NS,2021,9,5
6,ON,2021,9,130
6,MB,2021,9,240
6,SK,2021,9,1665
6,AB,2021,9,2755
6,BC,2021,9,210
6,YT,2021,9,175
6,NT,2021,9,700
6,NL,2022,9,2695
6,PE,2022,9,10
6,NS,2022,9,5
6,NB,2022,9,5
6,NL,2015,10,15
6,PE,2015,10,10
6,NS,2015,10,100
6,NB,2015,10,65
6,ON,2015,10,75
6,MB,2015,10,30
6,SK,2015,10,1080
6,AB,2015,10,1490
6,BC,2015,10,380
6,YT,2015,10,245
6,NT,2015,10,905
6,NL,2016,10,1135
6,PE,2016,10,5
6,NS,2016,10,15
6,ON,2016,10,70
6,MB,2016,10,45
6,SK,2016,10,790
6,AB,2016,10,1530
6,BC,2016,10,260
6,YT,2016,10,220
6,NT,2016,10,565
6,NL,2017,10,725
6,NS,2017,10,5
6,ON,2017,10,70
6,MB,2017,10,55
6,SK,2017,10,800
6,AB,2017,10,1570
6,BC,2017,10,230
6,YT,2017,10,305
6,NT,2017,10,435
6,NL,2018,10,1060
6,PE,2018,10,5
6,ON,2018,10,135
6,MB,2018,10,80
6,SK,2018,10,1155
6,AB,2018,10,1815
6,BC,2018,10,320
6,YT,2018,10,315
6,NT,2018,10,615
6,NL,2019,10,1230
6,PE,2019,10,15
6,ON,2019,10,185
6,MB,2019,10,145
6,SK,2019,10,810
6,AB,2019,10,2365
6,BC,2019,10,450
6,YT,2019,10,440
6,NT,2019,10,735
6,NL,2020,10,1720
6,PE,2020,10,5
6,NB,2020,10,5
6,ON,2020,10,35
6,MB,2020,10,45
6,SK,2020,10,660
6,AB,2020,10,1010
6,BC,2020,10,125
6,YT,2020,10,120
6,NT,2020,10,290
6,NL,2021,10,775
6,ON,2021,10,150
6,MB,2021,10,285
6,SK,2021,10,1540
6,AB,2021,10,2860
6,BC,2021,10,325
6,YT,2021,10,215
6,NT,2021,10,830
6,NL,2022,10,2730
6,PE,2022,10,20
6,NS,2022,10,15
6,NL,2015,11,20
6,PE,2015,11,30
6,NS,2015,11,105
6,NB,2015,11,10
6,QC,2015,11,65
6,ON,2015,11,50
6,MB,2015,11,340
6,SK,2015,11,2855
6,AB,2015,11,310
6,BC,2015,11,300
6,YT,2015,11,1775
6,NT,2015,11,795
6,NB,2016,11,35
6,QC,2016,11,75
6,ON,2016,11,60
6,MB,2016,11,230
6,SK,2016,11,1825
6,AB,2016,11,260
6,BC,2016,11,365
6,YT,2016,11,890
6,NT,2016,11,620
6,NU,2016,11,10
6,NB,2017,11,60
6,QC,2017,11,90
6,ON,2017,11,80
6,MB,2017,11,300
6,SK,2017,11,3420
6,AB,2017,11,245
6,BC,2017,11,305
6,YT,2017,11,915
6,NT,2017,11,1045
6,NU,2017,11,10
6,NB,2018,11,30
6,QC,2018,11,140
6,ON,2018,11,135
6,MB,2018,11,405
6,SK,2018,11,3580
6,AB,2018,11,360
6,BC,2018,11,270
6,YT,2018,11,1100
6,NT,2018,11,1020
6,NU,2018,11,5
6,NB,2019,11,55
6,QC,2019,11,155
6,ON,2019,11,180
6,MB,2019,11,305
6,SK,2019,11,4055
6,AB,2019,11,450
6,BC,2019,11,465
6,YT,2019,11,1120
6,NT,2019,11,1205
6,NU,2019,11,10
6,NB,2020,11,80
6,QC,2020,11,90
6,ON,2020,11,90
6,MB,2020,11,240
6,SK,2020,11,2075
6,AB,2020,11,295
6,BC,2020,11,175
6,YT,2020,11,635
6,NT,2020,11,1045
6,NB,2021,11,145
6,QC,2021,11,745
6,ON,2021,11,245
6,MB,2021,11,435
6,SK,2021,11,7000
6,AB,2021,11,900
6,BC,2021,11,400
6,YT,2021,11,1535
6,NT,2021,11,3780
6,NU,2021,11,45
6,NB,2022,12,40
6,QC,2022,12,30
6,ON,2022,12,15
6,MB,2022,12,10
6,SK,2022,12,15
6,AB,2022,12,20
6,YT,2022,12,220
6,NT,2022,12,1040
6,NU,2022,12,370
6,NB,2015,12,25
6,QC,2015,12,85
6,ON,2015,12,95
6,MB,2015,12,285
6,SK,2015,12,2465
6,AB,2015,12,280
6,BC,2015,12,340
6,YT,2015,12,1075
6,NT,2015,12,740
6,NU,2015,12,5
6,NB,2016,12,50
6,QC,2016,12,110
6,ON,2016,12,110
6,MB,2016,12,250
6,SK,2016,12,4705
6,AB,2016,12,225
6,BC,2016,12,325
6,YT,2016,12,1130
6,NT,2016,12,1225
6,NB,2017,12,40
6,QC,2017,12,115
6,ON,2017,12,110
6,MB,2017,12,355
6,SK,2017,12,3360
6,AB,2017,12,320
6,BC,2017,12,300
6,YT,2017,12,895
6,NT,2017,12,1235
6,NU,2017,12,10
6,NB,2018,12,55
6,QC,2018,12,125
6,ON,2018,12,130
6,MB,2018,12,305
6,SK,2018,12,3265
6,AB,2018,12,330
6,BC,2018,12,310
6,YT,2018,12,850
6,NT,2018,12,1150
6,NU,2018,12,10
6,NB,2019,12,15
6,QC,2019,12,60
6,ON,2019,12,60
6,MB,2019,12,195
6,SK,2019,12,1345
6,AB,2019,12,170
6,BC,2019,12,120
6,YT,2019,12,470
6,NT,2019,12,710
6,NB,2020,12,155
6,QC,2020,12,615
6,ON,2020,12,230
6,MB,2020,12,565
6,SK,2020,12,6565
6,AB,2020,12,820
6,BC,2020,12,455
6,YT,2020,12,1515
6,NT,2020,12,2795
6,NU,2020,12,25
NULL,QC,2015,9,25
NULL,ON,2015,9,80
NULL,AB,2015,9,2850
NULL,QC,2016,9,55
NULL,ON,2016,9,70
NULL,AB,2016,9,2335
NULL,QC,2017,9,45
NULL,ON,2017,9,95
NULL,AB,2017,9,3180
NULL,QC,2018,9,65
NULL,ON,2018,9,140
NULL,AB,2018,9,3605
NULL,QC,2019,9,50
NULL,ON,2019,9,185
NULL,AB,2019,9,5265
NULL,QC,2020,9,15
NULL,ON,2020,9,50
NULL,AB,2020,9,1940
NULL,QC,2021,9,30
NULL,ON,2021,9,615
NULL,AB,2021,9,10610
NULL,QC,2015,10,30
NULL,ON,2015,10,70
NULL,AB,2015,10,2560
NULL,QC,2016,10,20
NULL,ON,2016,10,60
NULL,AB,2016,10,2105
NULL,QC,2017,10,45
NULL,ON,2017,10,100
NULL,AB,2017,10,3455
NULL,QC,2018,10,45
NULL,ON,2018,10,165
NULL,AB,2018,10,3720
NULL,QC,2019,10,35
NULL,ON,2019,10,210
NULL,AB,2019,10,4475
NULL,QC,2020,10,15
NULL,ON,2020,10,70
NULL,AB,2020,10,2270
NULL,QC,2021,10,45
NULL,ON,2021,10,590
NULL,AB,2021,10,10530
NULL,QC,2015,11,115
NULL,ON,2015,11,30
NULL,AB,2015,11,390
NULL,QC,2016,11,160
NULL,ON,2016,11,15
NULL,AB,2016,11,310
NULL,QC,2017,11,120
NULL,ON,2017,11,15
NULL,AB,2017,11,265
NULL,QC,2018,11,145
NULL,ON,2018,11,25
NULL,AB,2018,11,360
NULL,QC,2019,11,185
NULL,ON,2019,11,25
NULL,AB,2019,11,445
NULL,QC,2020,11,115
NULL,ON,2020,11,15
NULL,AB,2020,11,245
NULL,QC,2021,11,445
NULL,ON,2021,11,45
NULL,AB,2021,11,550
NULL,QC,2022,12,35
NULL,ON,2022,12,30
NULL,AB,2022,12,10
NULL,QC,2015,12,105
NULL,ON,2015,12,20
NULL,AB,2015,12,305
NULL,QC,2016,12,140
NULL,ON,2016,12,15
NULL,AB,2016,12,235
NULL,QC,2017,12,120
NULL,ON,2017,12,25
NULL,AB,2017,12,355
NULL,QC,2018,12,160
NULL,ON,2018,12,40
NULL,AB,2018,12,380
NULL,QC,2019,12,85
NULL,ON,2019,12,5
NULL,AB,2019,12,160
NULL,QC,2020,12,385
NULL,ON,2020,12,50
NULL,AB,2020,12,630
